C,gamma,coef0,$current_duration,$n__fc,$n__tc,$n__me,$n__fc__rw7,$n__tc__rw7,$n__me__rw7,$mean_duration_in__fc__rw7,$mean_duration_in__tc__rw7,$mean_duration_in__me__rw7,$mean_owner_included__fc__rw7,$mean_owner_included__tc__rw7,$mean_owner_included__me__rw7,$mean_n_recipients__fc__rw7,$mean_n_recipients__tc__rw7,$mean_n_recipients__me__rw7,$n__fc__rw30,$n__tc__rw30,$n__me__rw30,$mean_duration_in__fc__rw30,$mean_duration_in__tc__rw30,$mean_duration_in__me__rw30,$mean_owner_included__fc__rw30,$mean_owner_included__tc__rw30,$mean_owner_included__me__rw30,$mean_n_recipients__fc__rw30,$mean_n_recipients__tc__rw30,$mean_n_recipients__me__rw30,$n__fc__rw90,$n__tc__rw90,$n__me__rw90,$mean_duration_in__fc__rw90,$mean_duration_in__tc__rw90,$mean_duration_in__me__rw90,$mean_owner_included__fc__rw90,$mean_owner_included__tc__rw90,$mean_owner_included__me__rw90,$mean_n_recipients__fc__rw90,$mean_n_recipients__tc__rw90,$mean_n_recipients__me__rw90,$n__fc__x,$n__tc__x,$n__me__x,$mean_duration_in__fc__x,$mean_duration_in__tc__x,$mean_duration_in__me__x,$mean_owner_included__fc__x,$mean_owner_included__tc__x,$mean_owner_included__me__x,$mean_n_recipients__fc__x,$mean_n_recipients__tc__x,$mean_n_recipients__me__x,degree,metric,trial
1.4233142053418504,0.00025668497567672374,-0.3162902343771803,0.24051873106623256,0.5483162995822672,0.2583053531746108,0.8141369550398958,0.2443893874488987,0.7257981179196571,0.25420449222167196,0.6932881877495205,0.7204554848363635,0.5954003303940498,0.25193477072310444,0.7033798007523973,0.8788202542073624,0.08841607283596231,0.45866546424642096,0.3534236762400652,0.9085587922932338,0.9525842958890417,0.8249926055985165,0.3862626307433058,0.5613001604314858,0.9779167931150006,0.6565405620158152,0.1413432103670682,0.8673848557238145,0.9468126460902456,0.5267960942184718,0.9512784722737616,0.6009866710896061,0.11241873138147973,0.5681179314758118,0.9383050924004663,0.5086773842817015,0.4642069279591444,0.18942397724647297,0.25707680638841046,0.05973303029558408,0.8735883830288048,0.7495401511164758,0.7724137826384794,0.8400841510027198,0.4911721371023946,0.7191786212073205,0.9519054619281476,0.7881721400383159,0.08552961723202723,0.8021740354362562,0.983221371820504,0.36853836382614646,0.1250455124111146,0.216096784906752,0.7239413531513027,3,0.2248556306176898,0
0.0959484742549047,0.0036677169579676055,5.2404099626319365,0.6210069492310081,0.23347726585107897,0.63584488990954,0.22176620618470777,0.09243197391556635,0.47699145895046013,0.572838977892067,0.4755466887424473,0.41563664854936744,0.4057489942025738,0.2589281377477989,0.6798324865531123,0.8043271806785893,0.24083320677701536,0.44753844886469685,0.1095870145888116,0.1825957819078079,0.4716224607276531,0.3406943683432201,0.6091238111897959,0.5977384436844916,0.8514430270728968,0.26948091665646423,0.47693059326533316,0.6550283147272885,0.12395676989779314,0.36370607897979257,0.7601953029032258,0.16059756211604825,0.48533874303296487,0.2950636811334091,0.7864974774269227,0.3003409123216243,0.21489719551987374,0.2336774106857199,0.7581115011362789,0.8222930848782838,0.05757416192816345,0.12948469094809933,0.7446808071831125,0.10895234918064522,0.6857439733862447,0.8160996987819372,0.8861459800654821,0.4800191042290668,0.43168126994967926,0.06293227428065085,0.8665275861738073,0.30865486897131744,0.250963250734323,0.8413978142965622,0.6944726846058039,5,0.1928203411749116,1
0.8579645504373765,0.000188261716172703,3.988567179232396,0.261834038624417,0.3485199673462871,0.9040480911130192,0.40570201915468074,0.8147766849287691,0.6811216821420399,0.08940951645026607,0.8368730935673746,0.05745742019227129,0.4317571300796166,0.14803342932561925,0.0725131184556852,0.9296223057842072,0.6185523891215269,0.04921220660347014,0.018215468121088096,0.275205819379418,0.12550611216273178,0.02820272003423352,0.8100971346149749,0.28401515019601165,0.1849359986877961,0.6131603660070396,0.7730222516856111,0.710389870935567,0.04142040969470995,0.6510500912953975,0.99983549002005,0.08610787451736857,0.07785066193362089,0.6892210773482113,0.865879354691289,0.617883168776597,0.7510871809015027,0.0296095244165846,0.6518838640670221,0.16338932972437836,0.09647239285643228,0.6692489064231343,0.40438029955212706,0.19597174923923955,0.17510816870196877,0.3379426565698157,0.5402115035335521,0.6518028745707419,0.74978839887447,0.09929538346254829,0.5558380046248704,0.8268119382745835,0.3973380803503257,0.9136920824158781,0.28072827884572327,7,0.19229594892569413,2
0.07782832385075777,0.008649160933927891,-2.9013616634565618,0.002804681465058856,0.2624109618867695,0.6106729182956053,0.3951310255778342,0.4992711480157489,0.4183323412313491,0.33106201447355754,0.8717442248737964,0.7544307233818478,0.8414454416220937,0.7482265639574212,0.3215198952835896,0.8270375495881196,0.7547938147616161,0.45841900733950836,0.3588364858419588,0.12327495547639167,0.433567803087334,0.6693997728432369,0.5389405323733649,0.11444039921119131,0.7948326357261338,0.8035930395108358,0.002163789736847166,0.5250908314976102,0.9589351984011354,0.824258897275787,0.5056198001135699,0.7161336785009264,0.6727624370581442,0.9295796758314113,0.762949140816368,0.4286884914300071,0.3973214066838896,0.7454259549599612,0.026893942445452734,0.17290047468009606,0.4044048092059138,0.7125026113771366,0.721957549634379,0.8061746178910816,0.5916978684863393,0.717727252972785,0.7335413078225012,0.02304113770130145,0.31671083962551305,0.9759176099445346,0.29224068319517227,0.48209513241777247,0.22025303080738245,0.05559809310106001,0.633242998656574,4,0.21552200519123335,3
0.01868321322375965,0.001730148978589578,0.9842592565194375,0.5989137105017505,0.9098527389733906,0.9742080513274197,0.6942509246105175,0.021120725781698546,0.43376920594111124,0.7283513915689827,0.3522629533038709,0.840989183673744,0.3205639800854342,0.5911996063053736,0.2702829273015277,0.025316011873903976,0.468201311446921,0.04374871436781014,0.11960835713119666,0.09417446842594723,0.5291605206744407,0.5358248629460965,0.47425853669718787,0.5053675701007524,0.5870047694377571,0.31802119388197625,0.6150601876777548,0.38317520091106705,0.5007181892274241,0.29851149891285345,0.7849972781609063,0.20860332584008878,0.5231546815213355,0.382148214233752,0.48304531910711557,0.9446457254672659,0.30227736649129944,0.7930092722422138,0.15202109704593159,0.16348645923985616,0.003770228226191663,0.8280369138245354,0.4526619829902968,0.05629836394880261,0.6993354373602622,0.48230941154204954,0.39883973961711683,0.47759816354325746,0.6342620438441189,0.7067232820042703,0.15230638961488885,0.050195695101813764,0.31407709064879175,0.0064375442855136855,0.11313450442411954,7,0.2263347320261951,4
0.1605956982246544,0.13859983472416376,0.9170909723478484,0.2823246897687143,0.7795683668481165,0.24404559239057133,0.26825522783055833,0.681720330295413,0.07620327824493067,0.1392249388922825,0.4896852110010581,0.9998248292621014,0.6191882883342462,0.8714746613642567,0.8295050686692115,0.03933828008025053,0.5380382091418732,0.13196009352195937,0.2668319479040926,0.24672274207973455,0.77094023194132,0.49317514422235265,0.39291066835378796,0.21720168334546297,0.11422136807136662,0.7407707979641586,0.6812844118814511,0.5337489490530182,0.4536112650712113,0.08011381680604512,0.12167600291876102,0.7638989525854235,0.44740810918747764,0.35827874989340835,0.8394384220892922,0.3384888958602942,0.6493431960719896,0.622784143514715,0.2845759558384008,0.4924441081300961,0.8430698406583749,0.45161237708716107,0.9489898257110182,0.5550310481428513,0.5259527391601617,0.3745783258316876,0.4828790076539812,0.6397136103797936,0.7168325709049564,0.8181532746174106,0.8368470011859614,0.9808589988642932,0.4285722874242964,0.4202195289310172,0.23176751561486708,3,0.33902093715264786,5
1.0408530538594014,0.40100658728603694,0.8422656178116155,0.2020754855620055,0.024387119394993384,0.22074373583134665,0.8136324076963488,0.19943548324077054,0.8630682408719166,0.9361298867173393,0.2879904676692131,0.7376954111161794,0.21458283661915756,0.8393690412103741,0.01864245124447328,0.24733425961984867,0.19834261393223251,0.32532211389523136,0.637953226422022,0.5563014417302389,0.8584915461058676,0.4028233352149141,0.6329072192463776,0.46341567905920034,0.09221638531747656,0.45909110931521635,0.3997459433444577,0.5536937042456763,0.34964451322551426,0.803717629542115,0.4290824192956767,0.2824877693138039,0.4458955438567852,0.35129002122472,0.3104310267894389,0.14543402062555233,0.45323221592502516,0.7141931961454501,0.830077632551331,0.0598319547790227,0.5636674428408642,0.9661918694802877,0.7084135222390833,0.21650528971478844,0.06908532418913171,0.1821005176219973,0.9435086074782468,0.923897602550879,0.2247807046445489,0.06912870531697712,0.26345565002103377,0.9439118470280324,0.5463121288685179,0.847154547622565,0.34663577070846174,6,0.17946121283225028,6
8.0780349456368,0.0034781166700685396,3.9324658438891085,0.5038608183399133,0.7733704106994038,0.39667699524435573,0.8974592517727288,0.37274895757733795,0.38051184837056795,0.6023157399525451,0.24385498390762872,0.9258765851177767,0.7131726244531117,0.70411363348597,0.9684625787350882,0.5464266163807165,0.3046405087899082,0.5488736631174227,0.3483899903009712,0.046816930897028985,0.8530434576926653,0.5896397504120773,0.2160238958262629,0.9790542420826436,0.5804981331193687,0.12914246718029398,0.26428523087013533,0.48904404954547154,0.5061214564962984,0.8032641817528283,0.032938591594187105,0.9578556773322366,0.05800803564735868,0.5524570805796315,0.058681401970735014,0.747556397580962,0.9370312156892643,0.21808492892838738,0.18822548489777202,0.500819515544176,0.7657110639475695,0.39899136074006425,0.3584445078416827,0.44287161360682803,0.031169265875635954,0.14108919761429894,0.29325137502316334,0.3947394153432001,0.6231695957323301,0.2036325349797493,0.2988287460475537,0.08320586556987852,0.052682243594733946,0.27775003344703,0.5094252490246235,3,0.21240252832410403,7
0.004289838957738882,0.6532251751114029,4.806746385516588,0.2398592144221302,0.03854287655299882,0.3140814288742564,0.9691436020098274,0.3230694590544605,0.8772754572318016,0.459202233488366,0.8220050080806998,0.9344020570624275,0.7829592728659519,0.3827023261775032,0.7804733286818791,0.6285772165054186,0.4819077386058539,0.037768260867404035,0.7964721658328161,0.5628407599556233,0.5733242629558108,0.39880020332361665,0.7755249002580885,0.35821501226150754,0.5563584692318876,0.9274300593369968,0.07297853974136237,0.020952422687402716,0.8663551458982334,0.9711844774380497,0.5177470342055328,0.33406574686596224,0.6033861918329398,0.38811690822660727,0.44810870482599696,0.6158775348579876,0.597785832870194,0.3730694398688844,0.6504600649443126,0.07889045166349651,0.34230545827399894,0.5209049594436608,0.448004767805699,0.9956570464156257,0.18768586744793792,0.33500317330062734,0.528597556388018,0.40843177766052763,0.8316344173034522,0.25008586850313197,0.8455005872801451,0.17765703802583366,0.09499804364920772,0.4869228079579291,0.720309122843787,5,0.1781442272613804,8
0.011707566349248202,0.0019985827630059605,-2.137274816679132,0.24556458821725757,0.023070541171468895,0.7929635742800838,0.4020000555573402,0.5666039702416679,0.5856198307204404,0.25489126778190496,0.28922523457135185,0.38288276821500955,0.2780758143983999,0.13135176850816999,0.4539160363917363,0.10743942164198006,0.196190341670601,0.1171631280293397,0.515819753760378,0.0602489189915284,0.16745728807619653,0.4757268390926642,0.659813259127585,0.9546316719714497,0.9645840920317255,0.26856048228595897,0.14628361521246958,0.4971083509264538,0.2144008970517537,0.9582003978657443,0.2954158670921819,0.8656957026041906,0.1499510323343336,0.31917312456390845,0.029588813126567692,0.15578106716620188,0.9327444223229121,0.34671444357296954,0.6047030652749973,0.0990254617112204,0.20581035893440625,0.4117354887154403,0.583712596038466,0.06004607403870499,0.9483210260385583,0.4693751595420491,0.3234087746055543,0.8682406478962843,0.10013018122926298,0.14968651861858295,0.7123610262890352,0.27231893691380327,0.07478111209581029,0.533410575975047,0.9812546741921597,2,0.2535596572500645,9
0.036093611591769645,0.9036651229174054,4.02256841152281,0.21894581944588865,0.6087769890894732,0.2751860174712468,0.31077128580858615,0.9460763573442713,0.3000617781791267,0.41944140146960507,0.6402634444951394,0.11299849946368956,0.18834112261010227,0.266419217124386,0.3770534578801019,0.5899983799582139,0.5618528927175714,0.4862681576946315,0.20881688112095675,0.4691146476047894,0.20600182120792387,0.5932551234616451,0.8928594009246063,0.5686043068238954,0.8076679841077111,0.8624828297315301,0.181285729967128,0.1853392181834117,0.9667706208896035,0.9827895421226621,0.05813598149665,0.6755972461094497,0.2773044199970164,0.16967984939293923,0.5891520012533898,0.6865522035748837,0.5318217972293763,0.06655814925242942,0.7391132031779765,0.05966975814083142,0.6495725926549267,0.23097429269433234,0.449018079175011,0.14391210585419822,0.3965739624210999,0.5346036726533996,0.2553694573808444,0.4800977661117992,0.32904204942394577,0.3944966001860063,0.9326700479815273,0.02379403115342693,0.07408759615061122,0.7071336022430231,0.6916548898421296,2,0.1875744906845135,10
0.008381223480540845,0.023476404331466756,3.080396430649543,0.26047779986786046,0.25221649275511826,0.21646670501719623,0.8316033629579112,0.2002039993443382,0.04634567404980072,0.8920278024827033,0.49508893869760073,0.9633445308900724,0.091149745103421,0.7972702017954675,0.04013242143845974,0.07933016707400042,0.9510363348929992,0.8589511656564276,0.003476693059426106,0.2979755870648215,0.7544688632887002,0.922804837554415,0.5037847114330687,0.42275871894371264,0.0864116834270261,0.15233339566475312,0.6151389001682682,0.844998835668631,0.5859201142717553,0.1389150189425543,0.9522489724661439,0.04083905106545538,0.19888611363206743,0.41541714729274803,0.47110363901850827,0.5154713190178855,0.22329360757903038,0.9047484036765865,0.39493700747154326,0.2800327011578747,0.11564766966934514,0.012107825249166981,0.6181836817638092,0.03779828848921296,0.8937126473400442,0.6555885009525341,0.4132414934895964,0.5647937460237583,0.19942395796009615,0.82277239177962,0.1356431442833177,0.32090310884693984,0.4235157550604831,0.9694412812754298,0.06047468262549971,1,0.22665772458719172,11
0.02231923698452758,0.12594865681420594,2.7785075244152546,0.40662800699391577,0.12695335945611463,0.296797488399304,0.886532396406558,0.2912064948232138,0.19752958138125032,0.7682223149657358,0.8226088381005466,0.5349895666812216,0.8141315727500817,0.36728359378822006,0.29776701476445133,0.4468435456088672,0.21781086355615187,0.8798099628593166,0.5103745623082305,0.8705678290942427,0.8282300249905763,0.7753617234034827,0.5863391545036281,0.7166637772294496,0.9281846565176821,0.5517017805702681,0.851864971654317,0.2801410616430511,0.283090299962534,0.7818269645359872,0.7397099939360556,0.054559788878990156,0.23913566198992486,0.601791633065755,0.6657820135318929,0.594072240106852,0.3649343253484013,0.9309944647953716,0.754287812246141,0.4622719495984071,0.03100503522681064,0.2544667819243319,0.024513704510606638,0.5696580924866591,0.8348934876118999,0.693448340160069,0.689154835028252,0.09572651393822784,0.322641372970757,0.4675974892978566,0.2066074692161357,0.4868654624987986,0.41686691563087197,0.39903206173958705,0.46384160824570975,6,0.1910877994986945,12
0.015457045972061758,0.015462481679362075,3.421390275726945,0.042141941287901274,0.953779965188197,0.12160047723115819,0.2167819096303928,0.4437481688322277,0.9748633802704159,0.45097318897503624,0.6471110436124893,0.8817623589087973,0.1943004535966213,0.47834298370344497,0.03933809669078003,0.17573322261244362,0.9592939057761939,0.1948622274793741,0.7794741669146614,0.38183542255237624,0.98158120339105,0.913869048285771,0.14774939505062012,0.9566566237578021,0.7533309042514097,0.9873176685492613,0.02602609524597299,0.02590154496180208,0.29161498400022234,0.03552406612801928,0.7250653323773211,0.014499815304532149,0.11458729077816954,0.8167987196503365,0.6708656323066131,0.3305614017191586,0.962168214826176,0.8829307270127028,0.9678941014600466,0.6461950675162674,0.5404103111260417,0.7483738913873577,0.7211884079062392,0.5550483225060625,0.9590667370974213,0.5112786898406165,0.0715168640701016,0.7796340725014984,0.36304422162068806,0.7890016325840054,0.6190883183472348,0.5949735507843037,0.7512046974945353,0.2974371826231026,0.5516253613866662,3,0.6684953050530433,13
0.027832624599672947,0.007245855975721734,-2.71030274736,0.8470621287470799,0.17289101731774414,0.17237269347984985,0.4511033256056639,0.19838166204779362,0.3779913400470478,0.07385183967101006,0.7950439330127405,0.5718380108940356,0.6921128898304695,0.9075736247375791,0.28907397285648284,0.3339862445944509,0.7820377768262442,0.192267637208284,0.9966495925109808,0.1438726536414453,0.2720713516719473,0.7585503735779685,0.22902733764895467,0.6005016434154945,0.605533037965988,0.5046854410281879,0.024201622765748,0.40770688846208847,0.6903254190307465,0.9625945021200455,0.8519042241074765,0.7929422722999563,0.10224655312707875,0.6731193620800655,0.44988244576175695,0.7718221208951379,0.45248691036700195,0.927657885275531,0.4183220114440679,0.8233426391540459,0.9573995307502863,0.7722338067756838,0.6676169543976416,0.9588088836598123,0.13014429535324545,0.9569513473162891,0.38643394103600204,0.047474241812633045,0.8840978718778405,0.2313567157399904,0.7972219213381733,0.6917697835666934,0.06172069726201823,0.9861120013990672,0.6426022704739713,6,0.20927855562898065,14
0.0010278951753387956,0.07795550621988422,5.90704456515945,0.7277523555303089,0.07167912085720052,0.016385785752919713,0.051306405295515334,0.5529585296396501,0.9922786048353057,0.03827449333430277,0.002944374112288206,0.49541852675360076,0.9704853573162764,0.4559607789814609,0.5697397818184053,0.3931584905122423,0.9884865252029119,0.7902117421781085,0.9696858915896142,0.7813313954533733,0.6717705927044242,0.9917256117993284,0.9948815237604681,0.008876345247566808,0.3554053380644214,0.9722312384007237,0.9976301631814911,0.01024442611968368,0.7232868063948674,0.9471791320950927,0.3849850722136874,0.38623679952169915,0.8772762271935072,0.0032199582677239214,0.3132392395388384,0.06676735157837,0.06881259351311808,0.9876315762527933,0.986241714431673,0.35521362901813225,0.347867135637712,0.5650607808493329,0.12420975459466033,0.9904832534678367,0.9665020399879323,0.015476626573197316,0.08822710337032014,0.23725372180563006,0.995983296524449,0.40003073225248237,0.6670299862907338,0.6437415739942736,0.8405059174612939,0.5737458240397665,0.9351015178341908,1,0.21959248823296165,15
0.0013322475098176845,0.6932629479415888,5.91917241725717,0.8540706484737273,0.044513113843153054,0.0026086772813287418,0.9942236353625831,0.3510013729793635,0.9084573734161913,0.9995573992413122,0.0525612653329286,0.6319178886504414,0.9961146252588394,0.9701232862725615,0.541204303183261,0.3203780155624572,0.08538236922970521,0.21467358995033883,0.7585164114060092,0.638961081104832,0.9861680606627026,0.31428177495976806,0.7379010671739841,0.02928884325165315,0.31629173929401866,0.9982808665068463,0.9695369392119745,0.04862055421092544,0.7416412164899375,0.913984463580708,0.39986276183180725,0.37434175350331456,0.9691058269964283,0.054005564157399544,0.28789251333531585,0.045974932804213706,0.040087620915205124,0.49665764463543094,0.9672643403139722,0.0034669017628386756,0.43906010303676757,0.8998893658942642,0.149397213296091,0.9819432362588065,0.1972099881915484,0.04122895714715774,0.09563225437323641,0.8729348997157206,0.9609298582895265,0.2829800247579227,0.6121717749081421,0.682251399907781,0.6323789738864025,0.6640570913165571,0.9523666982876653,5,0.17913637425711754,16
0.0010182836935286313,0.9856069385342147,5.607554764123045,0.9462458096067728,0.02116053365807868,0.004913796164189743,0.9897550918560659,0.4286371247538048,0.9514514484970894,0.9680077328298491,0.04849079769456521,0.6900737160248729,0.9997425820819201,0.9929790932464718,0.5443948550124679,0.2974998515825083,0.07219057818846586,0.192872776721059,0.7703928142241386,0.5945992556522814,0.6257666224576859,0.33317240665686887,0.7362018329376798,0.034785958430601505,0.3282109357861362,0.9893596725156538,0.37462010085590125,0.008467795630281893,0.7301598543745149,0.9764552087336131,0.3877218773976555,0.3919701400719445,0.9736787117354148,0.03821980109736989,0.3176217855507212,0.021711810911471174,0.012526593560196142,0.456174414696223,0.9601750620662731,0.01850732784228379,0.4423762061494419,0.9791022613844167,0.9977750704933563,0.9425069021678639,0.22977862075527278,0.028594348761698418,0.07849883303757182,0.961842353444988,0.9789090484862897,0.3027893491095213,0.0136238577267343,0.7573767267357245,0.6539692672359245,0.6529810743613216,0.9599085406104804,5,0.18416084270483085,17
0.0025171513912383677,0.7699316691836819,5.956481876487162,0.8895210391174043,0.03475552269751805,0.010344750987309581,0.6336277730592531,0.34061400402650494,0.9583107914865342,0.996967180006822,0.07362629305414642,0.6943566721577807,0.9804379399397587,0.9227820839716548,0.5700548756143676,0.2909067234280694,0.3633598984284022,0.24819057622672833,0.8224278501077487,0.6514710835805532,0.6741962750144554,0.31734595135286364,0.7824380749240971,0.3481660294290652,0.33090289312346866,0.9846709594281996,0.3922388426916646,0.004922906011586313,0.7184059736242028,0.6569479418295283,0.4591062186722122,0.38281726778724856,0.9301109237250919,0.018322736631427583,0.33259103175544696,0.08833592917699967,0.07512557994805102,0.4910177174197761,0.9784854071467699,0.02132038766833954,0.4565318800153592,0.8696314521953429,0.9517737141856831,0.9898569566717006,0.25292013004997377,0.02064875840815472,0.04931846799166839,0.9496998044766776,0.9413071258232302,0.27195311706158604,0.45979255339627045,0.6987342866895376,0.6380537498645752,0.6456878455763815,0.34318615028710153,5,0.18515712166692894,18
0.0011889088236071263,0.8980132972136584,5.855477557697429,0.023229144151618447,0.051271854917471674,0.021908020870203937,0.9720247549274683,0.3982652047852866,0.9519564590334799,0.985857456098847,0.0513023708365562,0.787782135997498,0.9624307142039473,0.9888806643294774,0.5718011107718763,0.28814840137445874,0.34960050487863625,0.23715365369065397,0.7309085130353726,0.6579547308907867,0.6412775160258143,0.3104845671188948,0.7602512627982009,0.32853379845976877,0.31210839257165374,0.9982484091592397,0.34956063773562807,0.07290430196804212,0.7859104134691017,0.6919421644181502,0.5122646772722814,0.3887280095426652,0.8966360127915893,0.015613245274380794,0.2945023580504773,0.13787072781211157,0.04555481267399797,0.4979420534889919,0.9613332839213402,0.014619599623325,0.4658222922702226,0.9570832909398005,0.9941576364842577,0.3267685865010696,0.26383716183761974,0.013886801544670868,0.9702263817366344,0.9869795798391605,0.962773551888721,0.3019227846667035,0.028372471588590242,0.7243697209793205,0.6308798396943966,0.7008432494371615,0.3881645957343476,5,0.17580817793788941,19
0.0013673405519761426,0.7305287538248657,5.249064251002304,0.11526450471287497,0.012070867723274738,0.01001383579061832,0.985810165321228,0.35362399749001056,0.9837658553212627,0.9071383245852586,0.058030642662099396,0.727065100359597,0.5219855173409346,0.5679781802145141,0.5938566291984653,0.2608897487278212,0.4024392011010326,0.2880377965145383,0.7047916648656384,0.6247399661086265,0.6431538492240114,0.3288904115624886,0.7736727214043687,0.3428834011812503,0.26419554737189443,0.3903767418372769,0.37811839383032625,0.050971096855620665,0.6775464785753514,0.6624434903586052,0.500911264535598,0.37019236773465936,0.8947107168430876,0.02243377503848243,0.28120024866740456,0.042180073138757726,0.14769283071408112,0.48498646408264934,0.9283548905650801,0.28692149116941373,0.3674497806788652,0.9786284524044355,0.2855777226561625,0.2980418202760586,0.2821604306457541,0.0407110894109296,0.9943806874972458,0.9874411087371158,0.9213287321586106,0.006991192236287011,0.4419099009723926,0.9858734738025348,0.5853233205142138,0.6281816751473579,0.3667999401514265,5,0.18492202890572165,20
0.004268064046356993,0.9965237555605785,1.8918290748469346,0.08600154214231592,0.01070760675839694,0.4096428481023489,0.9965825563738362,0.34771026191740845,0.8473326279507428,0.931236679746648,0.9993653228823393,0.7594386737640846,0.5276705581676627,0.6106173473318103,0.16780377322900236,0.2553874615270415,0.0075656309321541215,0.30542504074604965,0.6824018193325271,0.6209433490480323,0.6247088962535421,0.3373368586697986,0.7265818001516244,0.35561773380654604,0.3608265366516232,0.4306246896759216,0.36500951928626035,0.16204359365571253,0.8159107266888059,0.6959284077193747,0.5745702878389661,0.3643023928669677,0.6462780471251435,0.47604875277241465,0.2976734114815494,0.173367925366962,0.5743551896902565,0.5193849968586746,0.5199783890543836,0.023292476059745368,0.5586720152812655,0.9958464482715469,0.3030959344303946,0.28490840563346864,0.2723092963275303,0.2189340177683481,0.9839064484476401,0.9828883339153769,0.5301823202995307,0.00767207533905967,0.45658521114318296,0.9951392897825226,0.5956867281875732,0.6951666961257685,0.37238181694641487,5,0.17897842653779625,21
0.004076784119998977,0.3806191222314325,2.118104114153353,0.10092699978746164,0.000897842875509168,0.42055351006291386,0.9980846504676975,0.13251458210881117,0.8332532290542192,0.5763006206154201,0.18688277518051793,0.8207969607928473,0.023880613459619088,0.6152267518967084,0.17638397399884298,0.6548733021390434,0.022771047673811856,0.29111480165707193,0.6459984256896112,0.5626061277683206,0.004531793874305912,0.3483256454167301,0.7700994643964632,0.31257701825808604,0.4180149702493501,0.4020739859382871,0.3754558798409709,0.2309465962834407,0.36508629095372747,0.8509931231467185,0.5952281515266833,0.32001108345142243,0.6681955758636585,0.4777232939442818,0.24555583343978382,0.2276467674079342,0.6004035707968213,0.5039065756482405,0.8430377986824134,0.0022257653902886393,0.31592153160127806,0.9993613215966644,0.28947500921185215,0.26187601342195116,0.030951547888919004,0.24318675865822414,0.8524470030336085,0.9830274415642207,0.5275166910098319,0.03630925291455238,0.04777900390001566,0.20958096177391697,0.5617765285639943,0.8064617378352522,0.3932977630401561,5,0.17621687541092376,22
0.00311142875142218,0.3391373239243479,4.925811082325391,0.10054894442716711,0.36967951713109437,0.46193348561788716,0.9706192891466126,0.40445266480499276,0.8148459698265854,0.5618613149751902,0.14055556861136861,0.8400666110554739,0.8671425086028596,0.9721896792276452,0.8013031972907623,0.6481468808838045,0.40647771306629316,0.002742550109275682,0.6702296477619009,0.6732194565645697,0.5587803301591873,0.253799461815554,0.7421323382139209,0.2305436310960003,0.42523110573649786,0.8531876048617585,0.31734252936177293,0.15861428169107702,0.8415235679979557,0.6631998032393737,0.5534858965191765,0.48692202030603904,0.8117842484807078,0.19370516364345197,0.14393900176713015,0.030003153092503787,0.029669491320526098,0.5017988979438134,0.5969888431912512,0.25959536743828693,0.3178143510894233,0.9394535511338366,0.8708067196117729,0.33459246226867373,0.270584125258268,0.22842589039534666,0.8138528214051675,0.2878638106960024,0.8494385316109021,0.3171442450437991,0.08812953747730473,0.20582149048175594,0.5664993483754039,0.7200908847105074,0.7887635613117697,5,0.16947770797520517,23
0.00405514608666654,0.34039937046293217,4.902211752648951,0.10070521862181739,0.38473359524885065,0.39939136859323066,0.9979498511542436,0.4283661610208602,0.8057266949147179,0.5730283872893307,0.9673354626691814,0.845593056927731,0.8582420534921709,0.9976089206777601,0.7661870411531525,0.6468648728537737,0.417713753669236,0.011242991613916259,0.6216196846584643,0.7282943962632912,0.021907494714180742,0.19666219650685857,0.0053517956558624125,0.20317051118208973,0.45732561881569506,0.8515088215969535,0.3112186941377264,0.15644379538944203,0.8448104601052193,0.6783626943797785,0.5896466746534992,0.5132650506065976,0.7640394148717154,0.1884071297180642,0.2315794482510719,0.2048637785354035,0.5781537886677257,0.3876601412040704,0.5607856501964991,0.29230357038749083,0.324866086489352,0.9648421087259959,0.8489051050690023,0.34311963497328624,0.3389049143013857,0.24740193132822555,0.7959640744171655,0.2845222838740325,0.8394402351595378,0.02004439391341195,0.01903482188099375,0.20143665594845506,0.9962129784201056,0.776618745453096,0.8288334795961823,4,0.21009529037206373,24
0.00524591389287313,0.23470767454276634,4.874156358465799,0.09800908781329726,0.37890242138651187,0.35461047291266434,0.6062837045903442,0.6386653080240623,0.8274038223413188,0.620077244895151,0.970546936332001,0.8471421479394404,0.8624608509703516,0.6545667069579678,0.7943918181018735,0.6186910023470511,0.4014311873646237,0.01865087277290585,0.6533347598651397,0.756320582952434,0.3613233640949498,0.1954388311792271,0.8278469120390811,0.213920607706025,0.45590816513263693,0.8425394590685926,0.2704228250365576,0.1305613357452552,0.8429180791219328,0.6802159323553467,0.6008429322602848,0.4852363915453421,0.7873986089200636,0.20381327884596484,0.16932318122230905,0.20419590652300662,0.5534882472040044,0.6009412487777285,0.5592553261357052,0.24388701235339938,0.2942626833586408,0.5817666650718673,0.8367496909286127,0.38180466009769376,0.3216557623009369,0.2429403193733856,0.7932475559803163,0.3630062691043118,0.7988961083251038,0.0027459151242598123,0.45963412045704655,0.18941480686868445,0.9331956755728316,0.7437600548805837,0.43500252761405134,4,0.22188135737397502,25
0.003280970423024528,0.27208860721893174,4.747093223207462,0.40684710629703014,0.37638841979010107,0.1270176283564705,0.9932681710890793,0.42403656048379684,0.8193935492558951,0.8179523635244451,0.9959538195623072,0.8470734479576713,0.884102309804219,0.9869243925652447,0.7024636738431903,0.4790204592065086,0.002675475716913539,0.0015749848257336913,0.8625612589459168,0.709516624058042,0.3510259279639373,0.2201942314861594,0.7185946042190678,0.17579477153193945,0.4448713652193109,0.8850611282400516,0.26838596909474577,0.13026892809515916,0.8520388438371748,0.8808342214584908,0.6103099785248995,0.504968051613286,0.8003397270326998,0.17054598419065228,0.17604516495513187,0.2079903287082836,0.13090694934111013,0.6177359749534713,0.8456392033943716,0.1711256113647731,0.2913569551959856,0.8757958257185166,0.26017651587612783,0.7306812204621824,0.3344366499763812,0.17911140886107013,0.1675020898969855,0.8256263510212406,0.846993686721508,0.32438723200626635,0.7618724474778216,0.5805859013236817,0.9608912070044837,0.7384120400491878,0.8131295464014187,4,0.21459717305051362,26
0.004069867626583613,0.19418666790129974,4.690654981874054,0.0933030510399121,0.14979277622447906,0.40853923886772164,0.7005576905189379,0.448662191197978,0.8294842442989028,0.8251527326369421,0.951953269549357,0.8411558882721836,0.8482400380707936,0.6564163244132585,0.760709487091944,0.4851908770051925,0.02145944379009551,0.018858676903670907,0.6236427949035096,0.7226310994820737,0.5521207923988068,0.2003728234505101,0.9169096452332702,0.20058978152666226,0.4632462916835584,0.8525339014250154,0.2770074011974615,0.15342139134509458,0.8552836224399536,0.5550609818237512,0.6023011527111221,0.5863059519300541,0.7477471640479183,0.21301963939701057,0.18776129964735272,0.20336738430690882,0.5422299169442308,0.5984673651397138,0.5430069644434572,0.15026415911678065,0.29154989399323666,0.599488294913868,0.5323867234905665,0.3496070645902879,0.3408127633707014,0.20220952364580472,0.836915987741004,0.7874688784843894,0.8292693466453813,0.0031774610177726544,0.3854779868420013,0.8493849547462183,0.5319742151879326,0.7775046646431538,0.4390402235980459,4,0.226872187458962,27
0.004881849506640228,0.22037747173443675,4.725219769674849,0.13125411827185646,0.15428283799685927,0.3731934595259647,0.6845387594710048,0.1358312778211561,0.7991181719743605,0.5537449032859261,0.14075966732373718,0.8361456656072317,0.05917632355505447,0.6784897425681964,0.4102541815978097,0.6856841050680088,0.401817015680511,0.040663486993245596,0.6101059884264164,0.468916992908513,0.013189244701882541,0.1997176979445841,0.8756983069366213,0.21384775519122895,0.45781675318871584,0.8683960651147974,0.2733262002934168,0.15405476195424048,0.8528984940176296,0.8648612562250884,0.6271243959344663,0.5191557919253325,0.7987304717372788,0.2286503037570371,0.1563920981549555,0.24036456922216543,0.6367727961928296,0.3773718788186676,0.8577109913115764,0.15055611816736603,0.29298815317496363,0.8703615361486857,0.5099203422284029,0.4099744857894885,0.10053873269942196,0.2761616979690126,0.8334842664906952,0.8125292257920755,0.8328582092437665,0.15975168559648203,0.0002160392363368263,0.15464690139389808,0.9770709706461006,0.7528136082377654,0.4726022026269795,4,0.19270840923261914,28
0.0031065738838882526,0.29678247234056543,4.461158259883815,0.10213165670643645,0.3713879466765519,0.4929177956340834,0.691216395559934,0.08503073821960427,0.794142119474543,0.6494475846693227,0.17611394087628865,0.8256553537847303,0.001053708134162442,0.6915217499111105,0.44300827960937894,0.6826969459675863,0.3751849400832225,0.02113621787969011,0.5977893602946807,0.7082289418493055,0.056875848406340856,0.20928385854699277,0.8872390654133724,0.2201861875068578,0.4319709830560006,0.8605367407952262,0.28622424375815486,0.17454099782608654,0.8478293449092736,0.5552319100929508,0.6213985583499416,0.4875461470199727,0.7864482626568501,0.16909695451867507,0.14880460478360688,0.22933141897688736,0.14202761481183573,0.6015237043431945,0.8580526841340873,0.2079562938873506,0.27911245822569075,0.89341253829193,0.8698508014017423,0.3804644078361452,0.017354756739574595,0.14666782552544014,0.8482941833431389,0.7790762465169763,0.8506783801406512,0.1458402330769382,0.01205806353777561,0.22062179588862954,0.5024535681143039,0.7933131022585946,0.447509776519005,4,0.19792094500522223,29
0.0024173450147909415,0.2216752028775518,4.615588184195545,0.14715407732215618,0.15011340667103382,0.570650425628677,0.7223553242340535,0.11464064242902128,0.7687797137445433,0.7002188731926641,0.15636872549773728,0.8340660725705701,0.043026752503125924,0.7082963332117704,0.4851826780001531,0.7160214575194332,0.30144894821247725,0.0815063975257621,0.56608350207523,0.4900482681762059,0.4200141983898712,0.21016660239698992,0.8949823074056928,0.1258266115323714,0.23074904854560407,0.7363970842124958,0.49437186537281136,0.27122756183239644,0.6139098275013198,0.5585932151668399,0.6665723407923666,0.4964154729240209,0.8335509602865946,0.12345195523559689,0.13515561523100605,0.2286704331304617,0.14309105671420516,0.6112801648826999,0.8643421996036829,0.13935019582658098,0.2388512927563811,0.8548851012799511,0.5288026316014005,0.24304950353002644,0.006644083040080396,0.1526950191521807,0.8830335034053208,0.7795539001928969,0.8781866577399504,0.17951348005085296,0.07677568441369292,0.403456313127479,0.7007549615761737,0.7915869337568772,0.5804223727952318,6,0.18922266281745453,30
0.0022702315272764414,0.05501528982138235,4.4976033837922085,0.14793064966846348,0.14884853289860522,0.477598200426074,0.7581891829990982,0.1295859920805276,0.7571141460848144,0.8191581320886974,0.16109249420805957,0.8107845091279864,0.06117858024872441,0.8103517013599874,0.45930936225435653,0.7163144497144633,0.3073536546811512,0.1144931054057739,0.589584363478572,0.4547786107187457,0.3810952860669844,0.20611516850943667,0.8969425125949819,0.15199104339248254,0.4373889250234893,0.7124918191017682,0.48386149079070145,0.2673379860749542,0.605187692664967,0.576562917168915,0.6247903496637396,0.48878452123627636,0.813110247204828,0.1328676434335675,0.1666589484755907,0.008476275931814242,0.15206878289259607,0.5882935989499862,0.8504492588020067,0.1390921757238135,0.18537937543531158,0.8715117011049383,0.570645447036874,0.43764017470299416,0.09772692743798397,0.1297177904486852,0.8883076957055435,0.773653623155019,0.867745799601995,0.1550624606319258,0.05288107256437037,0.41565512360057116,0.7158973916156149,0.7926209393914377,0.5605697220539523,6,0.20971870833064124,31
0.002119284552057082,0.07456700635284841,2.5562333802555934,0.00763344960649142,0.13317094141699018,0.5723100868703631,0.7505527765053236,0.09280637992631557,0.7378929445324156,0.6732539195317241,0.1449315431722079,0.8043673269423258,0.0059112060192242355,0.8010130889671114,0.4286734640693991,0.7023629441388322,0.31271757199483513,0.3536103752759015,0.5750363419944898,0.48247442500386073,0.5362148012010797,0.1098627051566207,0.8963015467073785,0.26281681283511765,0.2289889000303515,0.7419316942898869,0.4752662508017733,0.24813715166510977,0.5960759061413236,0.5621678819437853,0.6791284817124964,0.22565810212539805,0.8477806445845022,0.25665951905861517,0.11267483009315934,0.016330110471249947,0.2793003202008968,0.5698948314411983,0.8667655724734267,0.11973363671479345,0.21623769141544139,0.8294780314714518,0.8801211250355473,0.243105014804383,0.11787336750859279,0.088387703196735,0.8821638786302205,0.6766675643487957,0.7138224295893278,0.11674689889417156,0.08673433920302456,0.4072837777387522,0.49698654987673513,0.8091272611291002,0.5530640046652243,6,0.20369427616342656,32
0.002039055416311433,0.06645200507099602,2.2904557532380547,0.023569046662238247,0.1200805915795275,0.49642528849192397,0.8894272328051821,0.11305746892928092,0.7238888321380743,0.6737268765191733,0.15889262732176423,0.9804506328464923,0.7253690782972396,0.8219370091923198,0.17269296439781812,0.7172036313748118,0.30223077923519803,0.3616724922363302,0.5617479152248468,0.48525177287458543,0.5026715344159476,0.10801910728374842,0.913710151955675,0.11735071989127921,0.21427660213839783,0.7375477885044135,0.47008436294058614,0.25521910534848463,0.6144150015866117,0.5838346265082599,0.6744318832149754,0.24804472688911414,0.8462635216963159,0.12568250184907565,0.09949711313857706,0.10842204436234693,0.27796143241452775,0.4193970514453543,0.833490787454083,0.1193487346857377,0.22190430142847495,0.8175076284028447,0.5630604207380402,0.24146392552162904,0.005619644941542934,0.08718960667470824,0.8871205072236957,0.7494525789252637,0.7020635380586977,0.16322458922675953,0.08079757998920714,0.08375411913281379,0.6886337103586779,0.8527271347244417,0.18283636746712542,6,0.1954094658247038,33
0.002118176289043724,0.05065937364814857,2.0773993862115936,0.02477093354525481,0.4870003536699589,0.5152308512856996,0.7955222651940018,0.27097186704834986,0.7391067323449675,0.6878990605543971,0.14478129899765946,0.9293758574289017,0.743300115224077,0.8009167640928264,0.4912469927403449,0.7494304164137461,0.1407871883437526,0.3758694291875947,0.5502285762543885,0.9167001162550306,0.4414821374152958,0.1062902889296426,0.664198090397123,0.27537059484425025,0.01659326606150857,0.6946186160762446,0.4644439908433249,0.26424656009759834,0.9834934595993495,0.5649398874646976,0.6901509359805501,0.2656377474435921,0.8565578914156636,0.11597564373799185,0.09790595577067007,0.005416088993486529,0.27217261538545534,0.30599381374309664,0.8939635346852053,0.10089487025465699,0.18318766406357812,0.794862326321435,0.8288156029629219,0.24503996009104018,0.008106444983275063,0.11548126263412456,0.9142023882945223,0.7375245835189622,0.7271981615323375,0.14629277859481982,0.11508295960090742,0.3880241945610451,0.7247836087838729,0.8175697685323686,0.560152618480347,6,0.2262482351694927,34
0.001980659510402665,0.06572281298977901,2.360110275888737,0.03584556397471113,0.09486497971670244,0.4879342171236529,0.8964228896029247,0.24406830195578882,0.7580788374224465,0.6820495208706588,0.1317041535644199,0.9230487859734776,0.6283986908893446,0.7935745993379631,0.49684089222426236,0.7351727954231033,0.1633523493977389,0.12318022814292585,0.8929411819070814,0.5211374472430778,0.44802613163890515,0.024026084225693467,0.6773856971523164,0.2833760379191032,0.2326767070179958,0.7656148416864654,0.44466511587311586,0.2573602395602733,0.9976009792017482,0.7602076738220549,0.6986830027850389,0.2616561579357065,0.8733873344907463,0.0886296679039745,0.08667128536374147,0.00489132420775415,0.0029111974703441602,0.30488026773662424,0.8875095804579192,0.12114755068832327,0.18690126343676128,0.8258248238987317,0.7955746227766034,0.23109585051037296,0.13775899995187005,0.07723666171916124,0.9104562004625425,0.9990665482209624,0.6928018242149339,0.5671170948814299,0.09054003662683985,0.3892651867486873,0.7094973671201277,0.8837895041618681,0.5433236472830303,6,0.2215927603858634,35
0.008225634662702427,0.06854819320600315,2.4820654250471854,0.018877440213175483,0.08802138145413793,0.485697375260072,0.9129121869907099,0.28116251854092894,0.7157776628802446,0.43765464396726506,0.11756203740393374,0.92521729257389,0.7708861869139652,0.8069984976905532,0.6575841294612672,0.5519812052769921,0.1460388347276254,0.12015188356047021,0.7284600359655121,0.5554276301030178,0.5492255071528679,0.4222828178245678,0.6754738639783213,0.28455022898745785,0.5345921588987184,0.6799403193208258,0.2058213420466154,0.2424140153568803,0.9948247879740073,0.7484546434447318,0.5212399189085413,0.26532545597212465,0.6954138343124495,0.454992271869331,0.4017511461918928,0.004232311432395396,0.026061853457599767,0.30805253141638517,0.6657712465253063,0.08869118591544438,0.1917115601387,0.8070269696808529,0.8020047445898829,0.5037847063165927,0.14732513938614522,0.31407363944221983,0.6563798684319762,0.9995140809679657,0.7507107018999992,0.23572209375981362,0.083827353638187,0.12218667561233576,0.48822015185592305,0.5837803060791491,0.7856150494708356,6,0.20827064764134476,36
0.009185382588822115,0.4490429070213848,5.324492172443197,0.01567368524895857,0.10584655093694162,0.3280646208942321,0.9201559174760087,0.23608687143625842,0.7118749086092686,0.5051855128422322,0.3876632892440475,0.9062750819304236,0.7722583213384653,0.8984960239803503,0.6449332885275232,0.5498970604668922,0.12392670261821115,0.13562744478085884,0.6919083965100782,0.5461791710560415,0.486903647802726,0.42856820256542305,0.6675238517666199,0.28240976704357046,0.5322830980425124,0.9164743667599643,0.20362960607328545,0.0948862892863511,0.9883871008196732,0.7559955117618447,0.4959809801832948,0.28447451167525606,0.6736897058358922,0.29217279566715426,0.3827567644466867,0.10144453690064521,0.017510873946080335,0.31807382192913886,0.6698902963428836,0.06819081083363923,0.40224999976178666,0.7989080549222101,0.8047775398333906,0.2874435712499889,0.15783031270919012,0.3145985686384421,0.6856194683751567,0.9047087064070292,0.7003733181708716,0.23707389720280297,0.08341400218633634,0.15419498237648524,0.4880771672489868,0.5709660905879751,0.770159705209113,5,0.1801517731804582,37
0.00972982064723797,0.44805326899258496,5.584981336400817,0.0066939527244254116,0.21636030878704443,0.3173816047309921,0.9093587642229359,0.2645134598058122,0.8957821063618018,0.480249363939228,0.4287648521283778,0.9614253915822712,0.7804081727972729,0.8995455870853727,0.654083280224302,0.5550588076018794,0.154015074009493,0.15294920980039514,0.7081206680331246,0.5426332023811059,0.47745454970773515,0.4408663663464401,0.6654510256452568,0.29803212867908935,0.5218027764722472,0.9191818971746514,0.18346479551344022,0.08425101226590906,0.9172639035038328,0.7480027703336427,0.5135246205570677,0.28803685316707756,0.682699995292313,0.28805920025285575,0.39521530846433983,0.11562526519083341,0.026471666809315633,0.284286917054643,0.6862523219538652,0.10530428950279556,0.3858899604167665,0.7716920500650721,0.7844706706273143,0.17671276643051048,0.17961758178393092,0.308212115283306,0.6534067691285175,0.8851536402521807,0.7658787085210379,0.2317437925047135,0.12226663396650261,0.11622358970849267,0.1411112788465969,0.8788407491927623,0.7678710780545858,5,0.17504137628243366,38
0.006844541370145929,0.44646253999880575,5.4319987337871405,0.039989105507595955,0.21470947980046518,0.3096033367077429,0.9307055019060582,0.24871158601438498,0.9036514837838842,0.5036778931310604,0.42145035740295456,0.9145819339594924,0.9195754938486258,0.9113095701299425,0.8657661303534601,0.5608212906135976,0.14781295761617458,0.14580263244813652,0.722975629470751,0.5607095641214354,0.46940552455935713,0.4130306844533761,0.692259384103885,0.28757800899069214,0.5474045372647593,0.9181026194987366,0.18709533165405529,0.0891897056445415,0.9386694288226212,0.7499489889675466,0.5064812867617554,0.3011882626636202,0.6861064958726081,0.2766439921099205,0.40796024316241736,0.2959326710694079,0.0016887152904023484,0.3088205623517087,0.685704791300122,0.06537491081430563,0.38401357338893466,0.6837388569226578,0.7824361446594695,0.14793748288049263,0.17279747951102697,0.3140596800461587,0.6529691116647854,0.9075274924415149,0.7687902045690772,0.2267180398042642,0.9861530388743401,0.27488820571330186,0.1577687449863166,0.5704051892871989,0.7625596012904106,5,0.17018182667158263,39
0.008417880610289826,0.4492061253756692,5.477161489330144,0.17074175542611725,0.2080957580756678,0.6736062965883443,0.9220812309472854,0.2667991374433099,0.902999976732394,0.5091841150911611,0.38329603642405496,0.905291452356432,0.9317375392252737,0.9252433799590896,0.6347562941401643,0.5580693827629518,0.49268939395507594,0.15842696731484385,0.7071611232243319,0.5494114828715853,0.573760937482965,0.4241879951525459,0.8167911056119715,0.31601381724725686,0.5497483309809683,0.6264326185393934,0.19998014644010728,0.08390788522590743,0.916649741928335,0.7691838072816538,0.5487087190960437,0.13868598522402287,0.6988721291842581,0.2983746153506893,0.3944756323692401,0.1260981536189675,0.3823954444787465,0.3031994152106464,0.6868061477822142,0.0778062374813325,0.35149836668392603,0.6913721935226412,0.8051459033619022,0.15790137634713913,0.17062668087205984,0.3092466381302435,0.6557666314102559,0.8863275127768384,0.784159971018261,0.24218885146854208,0.17632090579075158,0.13386378408844146,0.24145451339023646,0.5843737053159632,0.7149203629116814,7,0.1863092895890049,40
0.0067227139309855004,0.5042457121254981,5.312294185658956,0.18262687886066342,0.20584123416908912,0.3312167253010596,0.9090074281139834,0.3145230157770382,0.8993440995493739,0.515946406606616,0.3836657445294457,0.9081803466646352,0.9214681037713612,0.8912966727391531,0.6537950688918669,0.5523456012337804,0.471906965355012,0.15290083170480862,0.7196138927356157,0.5716963990473876,0.5717154807459984,0.39154807475954584,0.8145064609056581,0.40375699093077444,0.5220220046668397,0.6405637321301433,0.17548801617133747,0.09356778147103686,0.9069217500853564,0.7423569801542957,0.5482951417487029,0.17377071632314744,0.6974622044511634,0.4466387847553445,0.385161132326394,0.12045170928722747,0.3956402347809001,0.41423051733317395,0.7063952779410337,0.06899227189421908,0.38502780460797176,0.6857626552056,0.4368954471970287,0.501425677847556,0.20559940095511386,0.30969856288245656,0.6458704048105336,0.8962031457939735,0.7944157333110162,0.22763179485601312,0.1774343333284431,0.29268794073145316,0.21390289594664036,0.5873459370099076,0.7506962551254348,7,0.18296568307957728,41
0.00815738353252591,0.41004770170845745,5.2140279621732475,0.19150518567706232,0.21337136011913213,0.670067385395714,0.9220870886862833,0.29544092216361506,0.9243554176537924,0.5345756682543698,0.5531134686297263,0.7777208573626128,0.9288420415137079,0.9050607281540273,0.8624303122116237,0.8547727803130181,0.5071279552824377,0.07314830971774616,0.702527583603264,0.570981590494765,0.579304809603834,0.3929088146813039,0.5899870087739898,0.39740616993426736,0.5273631901053462,0.9264319331293426,0.10152945516605065,0.10389541868996369,0.9175594440064474,0.857296362846373,0.5140415792633758,0.1477568945983407,0.6049427415990488,0.27679166896880003,0.4049609147090385,0.39270108931677683,0.3921696353794747,0.4359343126216466,0.6834744227432455,0.2235602987359107,0.38402682156675716,0.7018244215205246,0.9044009154041991,0.1557713535142653,0.20636917299619906,0.37156031467858985,0.6247431872010177,0.9080407828052609,0.9219687392971813,0.337450078176039,0.14383610543926956,0.2486591208957334,0.21823593700041655,0.4706485799511183,0.7434705868042644,7,0.16703422272155743,42
0.007265114132709632,0.48287418025178963,3.548700060023301,0.1855349415632381,0.2276792248944264,0.320322151069391,0.940317759106622,0.012968399106867534,0.891257930846132,0.5146924377528113,0.22615977505438223,0.7662906449472197,0.9331429959329169,0.9364573118808586,0.8928753290531568,0.8182113309471002,0.5179310935715956,0.07528713151424127,0.8078542063538855,0.8174396373020618,0.5812291811067731,0.27685080184523125,0.5881848045312192,0.3937617488566445,0.38492502826529174,0.6179794788543819,0.10112388510624087,0.08849725496529622,0.9363622454278435,0.8740412997122792,0.5451420416149628,0.1509283454152352,0.540858277609738,0.4040317583830689,0.2316320197045449,0.37587824198953906,0.3692253771172875,0.4207801879587063,0.789668762033135,0.00020168457911295956,0.4943924135736676,0.7090101422717257,0.46368487831386773,0.16629847285406196,0.2036707107235941,0.35820254235641535,0.9589659180749401,0.5736764599677016,0.7734443588065572,0.06326731977735128,0.22730506248341334,0.2627475917448792,0.1875180104268072,0.4949720997215276,0.7011974119734202,7,0.1659640203590453,43
0.0071786967389414645,0.4516973885032192,5.38261393414872,0.1843368864179587,0.21934359717828233,0.6491047861455735,0.8175101145375192,0.050755459560652416,0.9118879558854912,0.3618343163724719,0.2327162580071418,0.9769589551539604,0.9287915048362917,0.8761914028256256,0.6280134755039583,0.8226600215277184,0.23240703821770664,0.2367810788033409,0.7282249103370326,0.8167772087246306,0.29074446978063595,0.2774650830036518,0.6112347898555075,0.08662227034251835,0.6354247552067146,0.7908736674186178,0.3315733367309772,0.0715728283807455,0.9082596551251612,0.8422010025312512,0.5553059650973644,0.15553542812172216,0.7060749470820449,0.2689204693750759,0.001001708274856794,0.2860371352500817,0.07353566038906267,0.43732040938234606,0.7884823891074451,0.2089231539889841,0.39761742356751867,0.7191835466777402,0.9122727957176784,0.11918488957795009,0.1966425912303582,0.37518421730834645,0.6033012047506632,0.9107732612952459,0.9147494754186785,0.09450595536771729,0.15854525924391472,0.2575482659471297,0.3275347050897478,0.9028326225624189,0.2868067848672522,7,0.17241174450213656,44
0.00777105344566419,0.40622996194638944,5.535436810094394,0.18565853088938503,0.2195752646787314,0.2600335001113592,0.8515765331083668,0.3011613183359935,0.9088691318817443,0.3942374528918363,0.4279596380622174,0.9867764055355567,0.9201230453251535,0.9306827711134862,0.8938465916807012,0.8084677808935942,0.23906580912650055,0.08597041956843014,0.45347277165578354,0.9948315933910663,0.5910862348506534,0.5248561675155098,0.5909326560884964,0.40373385905086695,0.6152008441384171,0.8042183518536861,0.11308341144158934,0.0744399010076262,0.9299036160100269,0.49760702960561176,0.3442660230420517,0.1461585329010451,0.7383003616728554,0.27647259733123103,0.009362672224713875,0.11695349721302375,0.08493319324677957,0.16095559385933267,0.7206817499994631,0.2080994527624671,0.48076111132563815,0.6923937881606872,0.9176804349016495,0.15812977522869648,0.21769579073858275,0.4075261795054551,0.6091084590024965,0.8939376570180507,0.7797271598383,0.08168618945642458,0.18236650421410383,0.27515567988581957,0.17582948106416238,0.9196907889583752,0.868312837722153,7,0.188263453776925,45
0.006297773830959014,0.4676701224374276,5.388680962768017,0.1875508569383817,0.2206202590471207,0.2660066162822826,0.851858775574439,0.018131694514673766,0.9158568113219893,0.36612290853026197,0.23208322407874138,0.9772903812647069,0.9225155408308211,0.8755751596957898,0.883377753213667,0.8068391786963438,0.2499026982293105,0.24121929325820668,0.6615580435090123,0.6759547134273644,0.2816580430003063,0.28874263564342467,0.5965974014060573,0.4060534406045545,0.6101939197797445,0.9275901885258213,0.3343169088938773,0.0629700776350406,0.9213519695385949,0.820544349002851,0.45807524081541107,0.19027756942805868,0.6020745980907266,0.257279951421736,0.22409993655484994,0.26185714251799375,0.07119906491185866,0.2542177366067212,0.7850341431510711,0.002199694923508036,0.3842629755131172,0.9218342410604421,0.8848687430957228,0.1550424920979079,0.07176681710372954,0.39086138413996485,0.5882264842343232,0.9280484666352598,0.9289334333011687,0.088563055982251,0.21421866144957466,0.2389548288843361,0.20783500013031772,0.8803361084625627,0.6479848989962437,5,0.21204034074471523,46
0.0062889144681407055,0.48034206894323456,4.0741945493311,0.07309384356268972,0.29384356190085603,0.2592565597444493,0.8420892809699256,0.026573639054075837,0.6438926206305409,0.3889391090244062,0.2440198102875657,0.9970345974349631,0.908360751587858,0.8637253213196505,0.8292754495469843,0.7956578349399999,0.25233037447365664,0.26978779397001984,0.6696942480981473,0.6852438893126638,0.2710167520693071,0.2721984550846833,0.6006328540308473,0.4149796704867481,0.615038596441304,0.803775462657951,0.10971167143963532,0.07671117027341368,0.9209088545503533,0.8392514555707594,0.45201238713398817,0.318676533337506,0.5770639956413595,0.3537476579019648,0.23450001327378744,0.3165092929621276,0.08657294605141004,0.17506898736538518,0.799009493919892,0.198219837891759,0.48968072242319927,0.9212228519823903,0.7498510725383392,0.1239509067900599,0.05951182155487314,0.37932428941383456,0.7535931245532511,0.9382822779299981,0.6468682356323125,0.3396903122988656,0.14089762334062614,0.25659409098408675,0.14842406136614128,0.9101648873216343,0.6322537477225351,5,0.16300920414413372,47
0.015719673666601708,0.14633873775561257,5.611187335406136,0.06295747253503586,0.2951101150637636,0.6657366758242561,0.8625156559444204,0.483023970640822,0.9261245426413206,0.40527085358585635,0.4391403214049909,0.9742727446694904,0.906181934586409,0.8615826186200497,0.8763312827294159,0.8519020564503321,0.23467661844411,0.0792880691489144,0.8320024676674043,0.66955002942888,0.491026179252923,0.48306802478141025,0.5983079875670487,0.38977160420303936,0.5073208053607994,0.9362513453389631,0.10356472656302473,0.08258203493773131,0.9292399118530724,0.83750683768475,0.46755872219389827,0.17525488664797212,0.5814670366223536,0.2655284133810789,0.49349293881201395,0.2831208387713327,0.09090508287591996,0.25888300768647604,0.7879306239659597,0.2120149254074827,0.48881698134218543,0.7198389657001929,0.9229149644935385,0.18332993410042087,0.3942171754860575,0.37875796115907046,0.5657787840316012,0.9320174730064676,0.9181189325873916,0.3310040293112243,0.23995292503278443,0.2555835139043866,0.17290164029411847,0.8931721287796406,0.6649039638785597,7,0.1888688563312382,48
0.014495242784139781,0.13563481296124372,4.022308093276406,0.20632277796243897,0.2813364862080728,0.2767754201787191,0.8547240699648012,0.029919004314434828,0.6590181466601149,0.39554298517070113,0.5320239617999033,0.9970101113833936,0.8941779985329475,0.8512084815798509,0.8962991531597777,0.891784016115425,0.2553272579151593,0.08291847386187177,0.8134128565139013,0.8180505324949862,0.4904536434947554,0.4920476777155381,0.625173367120553,0.4000345822074259,0.6299623229257477,0.803361225541467,0.10048347274410879,0.08959087618853062,0.9207580928777719,0.8207946181403647,0.4641277502195289,0.11703428995771768,0.5716902957315512,0.3790286883694378,0.5038573678188831,0.3916529516133951,0.08854113762543417,0.24011982772868357,0.7762626166336988,0.2044676107672106,0.4884745553929735,0.7423149635904384,0.7583798683549055,0.09977234266284377,0.2210248977675649,0.3908412899704784,0.5997468423292793,0.8464293266026723,0.9090040656147448,0.10815060748187331,0.23713593148762188,0.2650311692850524,0.14914649006360062,0.4849674559176609,0.8450747779887225,7,0.1790659173715015,49
0.014547282778511476,0.13255663892775513,4.041968733050443,0.2890216021180684,0.2843261724671896,0.6543199854043071,0.8341315312363272,0.031322387331228996,0.6525302669056756,0.3608395885868617,0.32665896586789767,0.9806174541388827,0.9063073739469443,0.8557172794526485,0.880915588942301,0.8734784133526287,0.23664693235296919,0.09118569116372503,0.8208613482499504,0.8228230421901851,0.29361982506809287,0.26214011256156183,0.5831839213105077,0.0935446966310304,0.6090988026171256,0.8127556428863999,0.10789870729574436,0.19798829204831975,0.9363203333584486,0.8385247638249459,0.468512439952103,0.10023553440772348,0.577502871222652,0.34914638639741025,0.5100098061313051,0.4216741644756301,0.09615854553392057,0.43770045953767606,0.7715224544099496,0.19337395984502523,0.5110004596177021,0.639362094539855,0.9096590492886202,0.10738515512371588,0.22175282529150447,0.38596173177836024,0.5846870115185816,0.60626876670942,0.9026739755577566,0.08440900262395121,0.21613149613189353,0.2457671558759069,0.3230353667670591,0.4608611753136356,0.6797450815880002,7,0.18996346432145586,50
0.014595708254896261,0.16139958533114246,4.063382042469221,0.29987787935747745,0.28645494294435414,0.7135127826056998,0.8583266840738522,0.010168048010226862,0.6774304625397509,0.38252553338365286,0.23907893339883035,0.7805166170440327,0.8876218790712747,0.8560930346241528,0.8904637509446982,0.8731882132218497,0.5521503428001321,0.0738801260046456,0.7957797626143003,0.789310030298741,0.5146635391671747,0.2692819650152487,0.5403414702672459,0.08593983228800761,0.6413670117612638,0.7864071966427603,0.06627765277930772,0.2113813234715662,0.8981892670937175,0.90220634953139,0.4611985901684353,0.10848842779727615,0.5365696493570001,0.33771511730734627,0.03650975008411034,0.40519726454740074,0.20869655338085044,0.40409921397962956,0.7703573295570066,0.199503566717965,0.5043981310119593,0.6308676089439464,0.759022371714801,0.08232515390670914,0.0764768431806584,0.37983468331312265,0.558587643865024,0.5855020758718227,0.9138268380829696,0.07382994089177781,0.24667637667073328,0.3446277529557662,0.30039015113208434,0.4817810379877947,0.6712179173494219,7,0.18138896960634857,51
0.014248792457394889,0.11947477309836188,4.035763547664404,0.2506092968429641,0.29025043067988165,0.698037770068526,0.7990272153457648,0.057452572825211656,0.6504166484235477,0.3530977481285009,0.3037301117034912,0.8885476783643398,0.8149656891658095,0.7498474932264707,0.9877509325978401,0.8841034321658383,0.5704550915465406,0.0729145752182846,0.8212171938838044,0.8043509820081669,0.5066281625018451,0.26868754607755607,0.5164001287511195,0.5006941785339805,0.6740184144705405,0.7959101644087063,0.0997220715374275,0.20035822206152304,0.786121769611115,0.8355117092012032,0.4506900117607146,0.11482072970436716,0.5421190855326519,0.3468784295314888,0.04490035395846513,0.38291537366603995,0.20823637170949086,0.4375761792169639,0.7851964037403859,0.1964991906678127,0.5118884597634833,0.645703945746947,0.7500081284659255,0.06895458115190795,0.4310519071586155,0.3673652511386533,0.7434197870497348,0.580512222667623,0.8915174747122454,0.06261227120869706,0.2761624642730455,0.3426577261766612,0.298104170782833,0.4709129095597261,0.6835662843187734,7,0.18427636956212576,52
0.014569184218655072,0.15427438267277688,3.8853427212426506,0.28892773938375793,0.29206296622254163,0.23258491015209087,0.856134453016252,0.008910492705607703,0.6491845320931201,0.5385841361490918,0.3137158713723556,0.7542862851492871,0.8253356383560579,0.9419455169655202,0.9822533567145334,0.9031008817031044,0.5653052822598467,0.09169572762180109,0.7893305908392377,0.7955761279642042,0.4975344899942148,0.37822188438500126,0.546369152360095,0.5086344327427396,0.6659558343482725,0.813735566573605,0.09849305637466242,0.20432269577142848,0.7877606227350487,0.8921180434911555,0.4424988964432623,0.10308838515561483,0.5278636669470513,0.3611958896069953,0.5217207013913818,0.39143002299775176,0.19278366375632414,0.19592285339355625,0.6237985689727473,0.3247107258442834,0.532735651864963,0.6425201634729346,0.7239760216835347,0.003536403167742258,0.08258481060380297,0.4642841034984382,0.7181340937728024,0.5464993216723573,0.6550220071471403,0.34161791683889686,0.2493808300585299,0.33101825494492887,0.028400280629093916,0.48471289095366954,0.686817695690987,7,0.18185281517151852,53
0.038731361738475314,0.16127563063620817,3.5582695535049096,0.29624223442155795,0.2762610741666175,0.20768761999173121,0.9515151209128733,0.18036296055126635,0.6676478165226319,0.3007782463486763,0.3106580289025357,0.7655899987265801,0.8255026961544245,0.9530019433578691,0.9902044051074338,0.9500704339197167,0.550415703536513,0.07167034622799495,0.7737061577998632,0.681139082275187,0.5164850662145366,0.3709455072141495,0.5563936083754015,0.49844043978625724,0.6835851457124013,0.5919679026814465,0.06382179386404767,0.31535624730037615,0.9542197624668589,0.8020670199763241,0.29884586830717086,0.09091915928759342,0.522766967119692,0.3270730477935153,0.22536067833945675,0.3745595575917787,0.2077681170038605,0.18626163663127324,0.6124473598296443,0.3478999681283581,0.5274906243325063,0.6278135019960775,0.684600402156675,0.07738940474202696,0.058445394851976085,0.420164329580641,0.7421397753735582,0.5516076152715406,0.6340193811173774,0.3472767999899339,0.2910598714214708,0.3524718284908927,0.11045610167673717,0.4413013771349633,0.6825034600926405,3,0.20596101201706876,54
0.028334651260252523,0.5754491497798525,3.4592821986995537,0.29931750549861885,0.2935361196788694,0.20723347323199742,0.7833026651732248,0.001326267429771738,0.6275372613215253,0.4651764277113385,0.3024577108101533,0.8764896082155362,0.8222160595511476,0.9572209240807864,0.9485709063226632,0.7730730107997179,0.5584691843711711,0.07794439187070397,0.7844421478989191,0.6104599242545302,0.7100989238131341,0.3751569887511943,0.5557178799696417,0.47591086301584073,0.6899105170651123,0.5990722120321809,0.05414156397496112,0.1961763483588756,0.7772413629070666,0.9018753759615845,0.29682129118273043,0.08948724885851596,0.5133806052973984,0.36271745459759047,0.059649119760740166,0.37177944972557364,0.2033174521185248,0.1671465757712734,0.6232514835953107,0.31609644607783277,0.6148069078500128,0.6242257456562725,0.6678886500357254,0.017223859182687096,0.05210488154190082,0.4343697681949923,0.7365777272327255,0.5939891113439718,0.6500160811803376,0.37391862120041275,0.28658865957470775,0.31562424186596805,0.025646051047933868,0.45385684620735145,0.6857502047881118,3,0.18529236559893728,55
0.03084806883663638,0.6297180517392628,3.626717118324289,0.23677304858950715,0.3383024762286554,0.7227873054872561,0.9484351274353032,0.0006181467069732924,0.8649231591091717,0.4560844575295196,0.24562583323048004,0.8778514327095027,0.8309656847871313,0.9580925903461288,0.9756350857249492,0.9997048092442677,0.5301917131611599,0.06291417246269593,0.76581592368669,0.775168125691817,0.2201245538363499,0.3724663660540243,0.5495939100691991,0.4700260526214904,0.6564090858216978,0.5910777527252987,0.04492642987900963,0.1232892725500946,0.8882091936899518,0.8911850976083003,0.4363994988484623,0.21396566640258186,0.5151044993927608,0.3185700485331035,0.07019202686828707,0.3204559838417413,0.18125196260232468,0.3641011403776683,0.6216675882955951,0.2543599321327745,0.4297493815957721,0.6443795009478471,0.7390840104934832,0.004728138160253886,0.06835636811641216,0.4443779939930132,0.7423398550818121,0.8293381217234214,0.6431711463892903,0.18920348256149627,0.30899283426182267,0.29438904617516926,0.005555881852795652,0.532556034741425,0.6082534269710851,7,0.18508571542940955,56
0.04136302414007782,0.6152677680343269,3.6545771772881848,0.2505165470565661,0.3223971556349547,0.22203584703902146,0.7753582604472594,0.17201704689855518,0.8699068565428837,0.31167282256257867,0.2876371485863616,0.8901785043106792,0.819108999947998,0.9369278791826285,0.9647199663675565,0.9540574002139779,0.6049359214100009,0.1805690442076942,0.7688737280156406,0.5991040747552977,0.2011145842505281,0.37313621522370927,0.5323347592528679,0.47602374686886995,0.7211956026361139,0.5968857273937561,0.15461013946839652,0.12394364066458748,0.7876705303433642,0.9174312871929129,0.5493163197672779,0.057488954834750014,0.621835505883997,0.3268651847129742,0.04352079381358758,0.3219657796694793,0.3302335571909656,0.361250155059689,0.5984817871726711,0.2536507092319074,0.42690317258304555,0.7483300020823905,0.6682328142142301,0.0384205004663557,0.05813579473654265,0.4493084608147132,0.7235436281392712,0.8348601160671858,0.6557869873149257,0.368823477901176,0.3043432667178393,0.1924891990283344,0.006127003607635739,0.39555920123790067,0.6127754519856157,3,0.17526434660014212,57
0.03798902613727764,0.605839633525105,3.5119983840375486,0.15356885334410414,0.3275571239413958,0.22934156691418506,0.9452824846578287,0.17955547692439783,0.8694564146079538,0.2946123756584903,0.26348821905201575,0.8843053618554244,0.9632749443433962,0.9502126122285833,0.8148159719575739,0.7693166940060978,0.6039660460938385,0.1721691217250706,0.7619074978084605,0.6034003050506337,0.20782381469366934,0.3913209400947225,0.4550972993361094,0.4558055072857348,0.6855436232071244,0.6061984575906598,0.1484840682440675,0.03329106070538412,0.9534538132177464,0.9110661131295447,0.5498777285898312,0.20852430676297878,0.4827571655709237,0.3931044723854199,0.07425057739487971,0.3129454165999804,0.3378722613082037,0.3472337001956447,0.6179047011275312,0.336898895549693,0.4224564617108729,0.7477808555598582,0.7232748981747316,0.03266964952711529,0.10691650887583401,0.4340295140365764,0.726482297234103,0.8355863941812696,0.9999789077015662,0.3583722121459343,0.14792636733199171,0.3081158007662992,0.02645333740484046,0.9524663888450892,0.7297080906334208,3,0.17509414827460673,58
0.0057792379756609275,0.6633015270396123,5.055115993013916,0.14667226688076573,0.3219813798242966,0.8185858788956717,0.929136923855935,0.1836849420310366,0.85912987627151,0.4745965705595984,0.2788450128275599,0.8760074462940612,0.9619715904746735,0.9412753129569067,0.9423998179976829,0.7749251697583479,0.4452975765626358,0.17445883863737852,0.7405784754371334,0.614622504383519,0.22356053927955755,0.36920453454278435,0.477240915128069,0.47587193704566716,0.5763890365739556,0.8942399275323416,0.15366599864201064,0.12302816935539407,0.8780447953567542,0.912944555895462,0.5549847612688611,0.20327257981570307,0.47995959077439143,0.39218588336865384,0.07177272440196132,0.33343560868830086,0.32671959147692,0.3547136952501855,0.7239109576138174,0.24419256960490426,0.4229298551889007,0.9299986453563096,0.6536269259744365,0.012497930473288399,0.12325418624224097,0.4813804725660832,0.7154016913170813,0.853704067516051,0.9914805104300413,0.2035102885112369,0.9617589661720772,0.3234076040085261,0.04223827816097403,0.5172561791019668,0.6079316083540286,6,0.18328298647189348,59
0.022169084633791775,0.6132552860828975,5.006398435899482,0.15717451782366532,0.3326550351113227,0.6218651063427875,0.9384554014903921,0.06228097565591231,0.863573717844638,0.4718977389750758,0.21215818345175055,0.8746048674077115,0.9517383317081148,0.9539859141520235,0.8373275513553862,0.759322524046349,0.43519385954032863,0.17561640850390897,0.7516407193245453,0.5932721341832448,0.21209271829319704,0.35490833312737513,0.43060855498150974,0.4348257033259189,0.5710756980139607,0.8982893952642823,0.1458801188354522,0.030198753996473232,0.8773359570147372,0.9154623238077968,0.5644810869511088,0.20286309808137712,0.6303530741115466,0.305023021991884,0.06646050789617436,0.3104735591901626,0.33496689370477245,0.37761189584531174,0.6458631682723512,0.24683983694257527,0.5874669457881461,0.7268673379220781,0.9481332441918053,0.11656850490282433,0.12940284264964916,0.4481777954538923,0.478005954725632,0.8555078872342645,0.9956290601120162,0.19484504138723163,0.14660448711885243,0.30156643445686643,0.09981231055427511,0.523468441436816,0.6255335253621751,2,0.24208245578164453,60
0.0057750558523259376,0.646730843005765,5.045586832257725,0.07358555822902202,0.3335134652455549,0.4446219500986239,0.9504785587656114,0.1713860526721659,0.8728796727821332,0.43279543040130075,0.2626805654804682,0.9505179561610048,0.9494631676568234,0.9557574340326525,0.8218984431109977,0.9840509435885629,0.45162595357427165,0.1818134004024701,0.7456878514912677,0.7457337926960876,0.6019237078722259,0.4637348192204377,0.6311969460963431,0.4387585216537099,0.5690003409131289,0.898911326247046,0.15155625473023138,0.03162502319045443,0.8881340466502318,0.9973456071687831,0.5504672718307435,0.2112757570563982,0.6312871173076143,0.43335955029792217,0.007289755215364961,0.31461795495063377,0.4412794571012579,0.33723195795276806,0.730543610803551,0.25327438595695273,0.43616527073432315,0.7502154879694942,0.8451025413368511,0.12902268513709378,0.13039236253240297,0.3413653270824328,0.4968748282797209,0.8532948465775894,0.9759033224952586,0.27481425241799085,0.13785285397704994,0.2940616839825466,0.11087109424561918,0.5291663852084125,0.6139553794530757,2,0.32287431490726926,61
0.021678148658697056,0.6630313222814705,5.026009514412987,0.054386840259596364,0.1872092270129967,0.43317633806421757,0.939419882982335,0.0469304883153404,0.8654474770624314,0.30079387865814866,0.217966067216995,0.9465400472283314,0.9617145146037405,0.9000378867961838,0.8241227227096377,0.9999260425763536,0.5079062054969803,0.19825061693047574,0.6842834708320339,0.6429201524419725,0.6059014148694316,0.29023721205609176,0.6311413479814939,0.4446314631258711,0.5724010592796673,0.945367263899017,0.23228903866432507,0.03495808124421343,0.8854188081420724,0.946672685386551,0.39995583911731464,0.057939788033558745,0.6195956226090614,0.4115457207134199,0.34297067783720137,0.31064419363614226,0.5098626208071105,0.3541608756534951,0.743259248226545,0.043352339368254646,0.4286609155594925,0.7276880110262444,0.9589626725434649,0.20189367210842518,0.15966402594395807,0.4396664764464271,0.7796990877690227,0.9562195050995835,0.8126596255697391,0.2803209250952466,0.12890897753530806,0.1782798220620645,0.10192144394168,0.9974496061765852,0.6182597215981096,2,0.2254657891268826,62
0.006367738702535169,0.3332931509183428,5.096034171374104,0.07035512409854504,0.2577229367792556,0.6109147380673201,0.9471272209027756,0.06442953835278732,0.9502039052762479,0.6158267100973456,0.21924793692042044,0.9435497779090969,0.9898406292635645,0.902245076793968,0.7347110501130081,0.9651351412313627,0.5234068797859525,0.21295446142108465,0.6393393827889274,0.8524507259445308,0.6069673913007609,0.4552028282896586,0.6305439224398033,0.36826473208591004,0.5727943673026504,0.6720404904311473,0.23489669297090135,0.04414566878795753,0.8819299529714775,0.9532822078776155,0.40834431401102084,0.04522702778650056,0.6387333387462696,0.23926098941439333,0.20169269340230989,0.4442017785084804,0.4357008428964466,0.5450096899221077,0.7277920173126791,0.25120605609205604,0.4359321608070512,0.7114443352484573,0.9731260571369648,0.12486448384109555,0.18124563525046627,0.35070612176487076,0.9396103230826391,0.9262559124057923,0.8094687212176856,0.4213905579204048,0.33640025843235843,0.17710055640737116,0.2614979563003674,0.37920538523754954,0.625739625827442,6,0.16448969898495416,63
0.010325750449465872,0.2928979878531977,5.055830388527773,0.07115192935074074,0.18511954353551438,0.6111721763487304,0.9630745308107912,0.05262423832380145,0.9420849925159048,0.44308129331159407,0.2020633487754124,0.9462416868368417,0.8658238692640081,0.889687173358316,0.735320587383905,0.8447566717076178,0.5112044120420254,0.2413980593125567,0.6619693349814425,0.7410912169109816,0.5985880095314038,0.25022852319732014,0.6397215706776567,0.34757594106339595,0.4906177027628666,0.6752808856991446,0.23207614642431207,0.03503608886577676,0.8873206712437326,0.9975683959044745,0.4148304592060906,0.02199193442108205,0.6375190796955057,0.42256457553015453,0.005321787094562975,0.46316260008364485,0.4697630271152814,0.462641968266338,0.735686641669165,0.04084277185745325,0.350146325598968,0.5479647463949977,0.9723254069424914,0.11692442678218441,0.24721074709312235,0.522722620737086,0.5168627365083637,0.9505995783911497,0.8091037645021306,0.27829644135610443,0.15308673512836876,0.2238264715122663,0.11025555893125083,0.9456634245530966,0.724600824643033,6,0.16442523860414346,64
0.02073808805728536,0.28576766491437405,5.069095067830142,0.06019324576841045,0.17524614270477246,0.4463329339101399,0.8161869495916217,0.056614814212778475,0.9610787047081417,0.5974196534636789,0.3344274105661921,0.9375736536664024,0.9495016751572444,0.7600280718675367,0.8372219246141721,0.8035009984515049,0.17953070564728263,0.21727903495863254,0.6603835268178571,0.7464362257499451,0.6050906534497754,0.30032596488552793,0.7011880782872421,0.36030905957233705,0.5683454684488412,0.9503432490692826,0.2309557321524233,0.04444637420050468,0.9546463632569879,0.7976319478736551,0.419209898329964,0.005999125255327087,0.4386142812652388,0.23323081215224642,0.2642730456141012,0.46572007786054537,0.4974350760678086,0.5323291892227627,0.7383983494385276,0.03669014240619842,0.35331161628821645,0.9267474556359245,0.9758827767583295,0.2064613181441112,0.16701185970615495,0.3533985404218553,0.49392272351803207,0.9481070880711943,0.8106462087399009,0.2728537193784107,0.1374248509977541,0.22311674427286002,0.1010260299499317,0.984023554549984,0.7291002965797424,2,0.2340366347219575,65
0.011205706430401622,0.3107227107890723,4.349118007287316,0.0831156534430475,0.17952194676213892,0.30042119527784594,0.8274870582263179,0.3663125318720382,0.9903887708241128,0.5367279617698884,0.204269040717375,0.9498196562654901,0.9947498176237607,0.8899646166353509,0.7298207106461515,0.8467322688476258,0.19081857852377695,0.203514282956795,0.6718821081849168,0.746951426289532,0.6049946314680718,0.4463797854170566,0.6379375107616454,0.36890873758705744,0.4941173034594152,0.9509912918017279,0.22858067083812889,0.022700359570362108,0.9570728173755044,0.9965940497064907,0.5067833953600214,0.30187707735818897,0.6518784449100944,0.2266005322141541,0.3398802755092184,0.4446311152973339,0.05364750937208535,0.4668936114027672,0.692758458920798,0.06267468954212942,0.3737472655904235,0.7000073776975853,0.8491092718273621,0.19616595832185713,0.18955039540991622,0.34416667111467303,0.7873988950601812,0.9287180127474903,0.7710274733620669,0.29650825162527666,0.12152670421047568,0.2297752999985482,0.11789871586524811,0.9641464512695678,0.7421731015641043,5,0.16518285272004274,66
0.009673950081406374,0.29868507568071856,4.3458807375406945,0.06600858005115912,0.182720016494617,0.29335839120423607,0.8836963626178582,0.22873662448943288,0.9525558154229485,0.5940747177677402,0.21382186763990818,0.9521940945751833,0.8796135939229495,0.892563661214335,0.7325644034876443,0.8342273057701193,0.19476427376412903,0.22768191036821384,0.6792169500350754,0.6488072843249971,0.3912717829531633,0.3016690884243999,0.7131682380590907,0.3642463948075526,0.48750584443578976,0.9533178954736982,0.23204736577639393,0.004568800886319585,0.956190158424613,0.7861335303689745,0.5075729648872634,0.31706840225857297,0.7175483855308207,0.24434660140130604,0.3441505484543288,0.4430553055724457,0.0553572030404673,0.4663870663381534,0.6964578195671082,0.04537214326807023,0.3805205541815958,0.7862200215881788,0.7784715097693118,0.1900877561914358,0.17798020856826136,0.2638543898980663,0.9494310180030221,0.9494572837816982,0.7596676426412022,0.2928303974321246,0.12344333278975515,0.21971101063576723,0.1379763714761372,0.9564593887139233,0.7326872022125704,5,0.1647143498208397,67
0.010296978007244932,0.27007663456798253,4.491729468453761,0.05857359827759823,0.25635916969374545,0.3716219392976577,0.8174745522225075,0.06316803348336228,0.9738518555935185,0.5853204936175159,0.20307690572255402,0.9397281606333843,0.9995336600498613,0.9005397025625502,0.7374933795760178,0.8358638016957296,0.4905818901057136,0.21209565793749494,0.6713591886927938,0.8485749989179506,0.6278743746500437,0.31533725653878386,0.7012887968923722,0.37125654329345714,0.4876280604311158,0.666782653408644,0.23731970362432103,0.006124257598855529,0.9609547819952325,0.9598097271206565,0.4117816607858932,0.0005164623246098066,0.7341205840338607,0.2424255738438093,0.2733493486403716,0.4535671041575951,0.5073586886711967,0.5394564961407573,0.8125260629934671,0.1710626192572854,0.4610326831259065,0.5239618877669117,0.9790875548323398,0.204506701364289,0.1866975046763637,0.27729244493922006,0.9472337933920248,0.9549337835510846,0.8063107654761378,0.40456030319697545,0.9057291853276414,0.2143107883629639,0.26441608757499935,0.37135488977200165,0.7234568648009688,6,0.1802562154293923,68
0.010835040113913508,0.3157612880651196,4.29797312113031,0.05972425347961414,0.24314912680421405,0.3662696520977279,0.8803152264241437,0.07208112599761599,0.9962999057207418,0.5419226985644274,0.22310809222774727,0.9470272404819999,0.9932498365173601,0.8783281459007599,0.7554830085635993,0.8344432580847938,0.5155108187687877,0.2676520398459258,0.7030915856969395,0.8529763568008818,0.6910005436295232,0.5687879476480585,0.6334921515214046,0.25719410859833236,0.5049564157034133,0.834802744267731,0.2354717769819204,0.010857859969086198,0.8210606190706085,0.9494173682340741,0.39369742869590135,0.05051065215457023,0.7249080897979633,0.2341027751908734,0.19739630195728425,0.4561151396702273,0.4280583543341332,0.5473401611629939,0.8167850209012508,0.39332813233905417,0.4698496308688486,0.5328667139235647,0.9712828271935372,0.18959877438456751,0.24638579807874986,0.25606347391144135,0.955319053318607,0.9414237950901907,0.8598525804651697,0.42303868880916945,0.8806991057059862,0.16797921649420477,0.26451915232966033,0.38234770496712694,0.8049582149115965,6,0.1828621938167017,69
