reg_alpha,reg_lambda,learning_rate,subsample,colsample_bytree,min_split_gain,min_child_weight,$current_duration,$n__fc,$n__tc,$n__me,$n__fc__rw7,$n__tc__rw7,$n__me__rw7,$mean_duration_in__fc__rw7,$mean_duration_in__tc__rw7,$mean_duration_in__me__rw7,$mean_owner_included__fc__rw7,$mean_owner_included__tc__rw7,$mean_owner_included__me__rw7,$mean_n_recipients__fc__rw7,$mean_n_recipients__tc__rw7,$mean_n_recipients__me__rw7,$n__fc__rw30,$n__tc__rw30,$n__me__rw30,$mean_duration_in__fc__rw30,$mean_duration_in__tc__rw30,$mean_duration_in__me__rw30,$mean_owner_included__fc__rw30,$mean_owner_included__tc__rw30,$mean_owner_included__me__rw30,$mean_n_recipients__fc__rw30,$mean_n_recipients__tc__rw30,$mean_n_recipients__me__rw30,$n__fc__rw90,$n__tc__rw90,$n__me__rw90,$mean_duration_in__fc__rw90,$mean_duration_in__tc__rw90,$mean_duration_in__me__rw90,$mean_owner_included__fc__rw90,$mean_owner_included__tc__rw90,$mean_owner_included__me__rw90,$mean_n_recipients__fc__rw90,$mean_n_recipients__tc__rw90,$mean_n_recipients__me__rw90,$n__fc__x,$n__tc__x,$n__me__x,$mean_duration_in__fc__x,$mean_duration_in__tc__x,$mean_duration_in__me__x,$mean_owner_included__fc__x,$mean_owner_included__tc__x,$mean_owner_included__me__x,$mean_n_recipients__fc__x,$mean_n_recipients__tc__x,$mean_n_recipients__me__x,n_estimators,num_leaves,subsample_freq,min_child_samples,metric,trial
1.2285916427548795,0.07218018732952583,0.0004792414358623592,0.6410518152663129,0.7755751758284506,0.30194345748587803,0.3410134276028888,0.6848297385848633,0.48093190148436094,0.3921175181941505,0.3431780161508694,0.7290497073840416,0.4385722446796244,0.05967789660956835,0.3980442553304314,0.7379954057320357,0.18249173045349998,0.17545175614749253,0.5315513738418384,0.5318275870968661,0.6344009585513211,0.8494317940777896,0.7244553248606352,0.6110235106775829,0.7224433825702216,0.3229589138531782,0.3617886556223141,0.22826323087895561,0.29371404638882936,0.6309761238544878,0.09210493994507518,0.43370117267952824,0.4308627633296438,0.4936850976503062,0.425830290295828,0.3122612229724653,0.4263513069628082,0.8933891631171348,0.9441600182038796,0.5018366758843366,0.6239529517921112,0.11561839507929572,0.3172854818203209,0.4148262119536318,0.8663091578833659,0.2504553653965067,0.48303426426270435,0.985559785610705,0.5194851192598093,0.6128945257629677,0.12062866599032374,0.8263408005068332,0.6030601284109274,0.5450680064664649,0.3427638337743084,0.3041207890271841,0.4170222110247016,0.6813007657927966,0.8754568417951749,515,1373,59,1879,0.6716171885367429,0
1.0569809326914992,3.3653273331619538,0.00017765808030254098,0.8109462731546706,0.39493309962949924,0.1440138427993519,0.011535178074509154,0.09571251661238711,0.8853268262751396,0.6272489720512687,0.7234163581899548,0.01612920669501683,0.5944318794450425,0.5567851923942887,0.15895964414472274,0.1530705151247731,0.6955295287709109,0.31876642638187636,0.6919702955318197,0.5543832497177721,0.3889505741231446,0.9251324896139861,0.8416699969127163,0.35739756668317624,0.04359146379904055,0.30476807341109746,0.398185681917981,0.7049588304513622,0.9953584820340174,0.35591486571745956,0.7625478137854338,0.5931769165622212,0.6917017987001771,0.15112745234808023,0.39887629272615654,0.24085589772362448,0.34345601404832493,0.5131281541990022,0.6666245501640716,0.10590848505681383,0.13089495066408074,0.32198060646830806,0.6615643366662437,0.8465062252707221,0.5532573447967134,0.8544524875245048,0.3848378112757611,0.31678789711837974,0.3542646755916785,0.17108182920509907,0.8291126345018904,0.3386708459143266,0.5523700752940731,0.578551468108833,0.5215330593973323,0.002688064574320692,0.98834541928282,0.9053415756616099,0.2076358611963245,299,1068,91,2952,0.6879741226612731,1
0.05924151992920526,0.4932613972136663,0.02635761150191938,0.5154960431622199,0.7848584286756457,0.12113761995615822,0.014579823885969472,0.8658644583032646,0.9835216092035556,0.07936579037801572,0.42834727470094924,0.2045428595464277,0.4506364905187348,0.547763572628854,0.09332671036982076,0.29686077548067946,0.9275842401521475,0.5690037314301953,0.45741199752361195,0.7535259907981146,0.7418621518420373,0.04857903284426879,0.708697395442746,0.8392433478050836,0.16593788420695388,0.7809979379999573,0.2865366167291019,0.3064697533295573,0.665261465349683,0.11139217160771575,0.6648724488032943,0.8878567926762226,0.6963112682354063,0.44032787666540907,0.4382143843772247,0.7650960952393066,0.5656420012258828,0.0849041631918176,0.5826710878614046,0.8148437028934097,0.33706638344761,0.9275765795753895,0.7507170003431679,0.5740638251499645,0.7516439887929184,0.07914896073820521,0.8593890756806114,0.8215041132005579,0.9098716596102089,0.12863119750938,0.08178008709398521,0.13841557278158978,0.3993787101028001,0.4243068610809919,0.5622183787309056,0.12224354963250506,0.20139950138137086,0.8116443482840215,0.4679875740567494,810,22,56,2797,0.6259089849111824,2
0.5578614835517044,0.04152285266200508,0.01423222125962724,0.5031886797591342,0.7347071578075679,0.030230608796702176,0.01952321076996501,0.032197934937924,0.744780655141766,0.4729130022384551,0.12175435547305369,0.542635925788506,0.0667744432250047,0.6533648713530407,0.9960863273678254,0.7693973370739623,0.5737741136588245,0.10263525921079586,0.6998340747729147,0.6611678673279311,0.04909713062277632,0.7922993018445906,0.5187165908905051,0.4258676941999191,0.7881871736014655,0.41156922320883715,0.48102627550515353,0.18162884267382462,0.32131889950642867,0.8455329965625688,0.18690374892671535,0.4172910609033441,0.9890345073952994,0.23659981170551936,0.9168323329388289,0.918397467805633,0.09129634220320182,0.463652724885516,0.5022163353227871,0.31366895005212747,0.047339537237736984,0.24168563724539782,0.09552964155536092,0.23824990571241178,0.8077910862901561,0.8949782878860116,0.0432228920796468,0.301946836262719,0.9805821985942876,0.5395048225537353,0.6263093617098563,0.0055454084069045395,0.48490944344255926,0.9883285346223875,0.3751855274827981,0.09703815863886123,0.4619087615684484,0.9630044659922582,0.34183061356501643,801,1637,21,1336,0.5169140388600109,3
1.4021801846908517,0.17043522419869286,0.0003741285632199684,0.9739954454451347,0.7206002931810347,0.6071672975508006,0.00012328904459633826,0.26690581479113473,0.5020711003267428,0.06744863513005173,0.9930332610947917,0.2364623961980289,0.37429218234544803,0.21401191490834626,0.10544586610545081,0.23247978560423577,0.3006101355032047,0.6344422678994391,0.2812347814529085,0.36227676097657624,0.005942843723529823,0.36571912592736455,0.5338859816982946,0.1620158370505309,0.597433108360375,0.29315246862717936,0.6320504948017279,0.026196605250843774,0.8875934604677749,0.016118630423373914,0.12695803103596137,0.7771624615706022,0.04589523220217062,0.71099869359551,0.9710461405101289,0.8716829331423073,0.7101616513206985,0.9585097430216668,0.42981333788658194,0.8728789143218073,0.3559576679736146,0.9297636529038468,0.1487776562421036,0.9400290149282735,0.8327161972832127,0.8460548381964641,0.12392300992394434,0.596486898341737,0.01639248087593137,0.7211843660506068,0.007737514125903955,0.08482227744523363,0.2254984104500236,0.8751245338732246,0.36357631798761336,0.5399599352125585,0.5681032138189784,0.22546336030595993,0.5721467679844612,665,615,42,1365,0.6484996809711848,4
6.266888742304698,0.5787369916484991,0.06994507091937731,0.6448278030121175,0.600449136679281,0.012437225566711355,0.0053974817828165884,0.9274549985626518,0.19836568902671914,0.05209113438949886,0.40677889347386853,0.372396480594112,0.8571530578712436,0.02661111555995954,0.9201492297590049,0.6809029989949564,0.9042259940642177,0.6075290708206388,0.8119533124361243,0.33554387353928616,0.34956622802755977,0.3898742303282924,0.7547970815727832,0.3692911744286478,0.24221980649226726,0.9376683567905958,0.9080110836630401,0.34879731608699105,0.6346380702580473,0.27384221165307576,0.20611512871356907,0.3363395289967944,0.3270998926155012,0.8822761011966163,0.8223038147237254,0.7096232285590979,0.9593452252588969,0.42254335310805813,0.24503303855567626,0.11739843719148924,0.3010533582011998,0.14526373397045378,0.09218609736837002,0.6029321967069232,0.3641874497564469,0.5645703425961436,0.1913357207205566,0.6769058596527606,0.2155054472756598,0.27802359374403607,0.7417604221448768,0.5597378956447119,0.33483641286701926,0.5429887825451936,0.6939847028582425,0.912132121477629,0.5807132133944539,0.2326863788928809,0.7466976307764965,780,416,83,1400,0.5945369948052477,5
2.1842381400680706,0.05157445649540281,0.000994811527696206,0.9629576954333223,0.726252058519844,0.5432857030460638,0.030169331062472958,0.20430411784843272,0.4706887484465426,0.808963872711785,0.6750351269093718,0.006027885653297926,0.0874077426528228,0.3467947202135594,0.9443655396185902,0.4911904809745835,0.27017626743033374,0.3604237194537099,0.21065262755406322,0.42120005717001263,0.21803543954947457,0.8457525073029277,0.45627059904156286,0.27980201843577024,0.9328916481414816,0.31435135362919675,0.9097146620433381,0.043418090970277046,0.7071150602676761,0.4838890390346263,0.4442210613279802,0.03632334435198159,0.04068319049138114,0.33275361706194095,0.9471195399074332,0.6176599771146911,0.3688748416809269,0.6119770390549055,0.2061315362852275,0.1650664428280374,0.3618172655313584,0.8633533515404317,0.5094017273502238,0.29690151605685555,0.9502516250691507,0.8159660896670599,0.3229739428024262,0.9720982452279924,0.9873510978303908,0.40866013374577803,0.6559231028884748,0.40565319845122805,0.2573481057405711,0.08265267599986825,0.26361034611783196,0.27147985350974524,0.3986390796831395,0.18488603102530865,0.9538184033144764,111,1283,45,1276,0.6741962491242799,6
0.13060967499541545,4.0266523043168405,0.0006941142204073383,0.21646092591489863,0.9344776127672854,0.6064913915257877,0.0009940697528250367,0.5234875483250184,0.10908819726431707,0.09342706876107576,0.8374661084337091,0.410265717569233,0.6617165402023071,0.9432005584771528,0.24513059156146222,0.013159831290861401,0.02414840578377242,0.7093856924031721,0.9245518847934782,0.467330273012871,0.3751091480975187,0.5428604246774043,0.8589168375814408,0.6521538737929415,0.23297989668210628,0.7745802045205736,0.13461349733647,0.16555997072871287,0.6126822828089896,0.23878340614263116,0.7047785475555306,0.34951852739195666,0.27742396000738534,0.9989184059727976,0.04061612455845953,0.6458225216831122,0.03869958501224435,0.7602102579190041,0.23008995749829086,0.08983186707236401,0.6484497119090478,0.7326012172929284,0.6780953149188439,0.05190094713420723,0.29430694555415615,0.45108834621987504,0.2871032897254965,0.8105134562703709,0.13111510515269686,0.6121793616905918,0.9882149436274535,0.9025565385988689,0.2221570624850986,8.188761366767494e-05,0.9805973420619889,0.8827129846973776,0.9194724663276126,0.41550355083763335,0.744615462156731,220,807,86,391,0.6690202116974889,7
4.803923729527685,0.30869096408713464,0.0018979596101726176,0.4445171104744947,0.933479028218221,0.3671601879252894,0.07873198722683909,0.8576517872810324,0.9223823545915368,0.3033807340330762,0.33981085404434463,0.5950738763476149,0.44132413545947113,0.932842532619742,0.3975640516334864,0.4777780483752103,0.617186088553268,0.40473948597374754,0.9924784359251065,0.0988512845589864,0.22060331780720233,0.3226551311236502,0.14772284363962018,0.2842192345315554,0.7792452928594803,0.5228920008852178,0.03395363612822,0.9826225851871888,0.6160064775666468,0.058939478603020956,0.6611687717969805,0.3783693706952339,0.13567329712507226,0.5636645928991928,0.7270799505033303,0.6711266044701217,0.2475131535003564,0.5248662214529077,0.5376634440708693,0.7168033641320368,0.359867348941067,0.7977325951909392,0.6279218488956,0.03833160701853866,0.5464790216690849,0.8619120954317699,0.5675741625552813,0.17582826545569508,0.510376370347584,0.7569458365293011,0.11010519644540051,0.8170990787402382,0.16748164116306108,0.5340764922160645,0.3857434824367175,0.24862376751135573,0.6474325130087323,0.03739210877243937,0.7600458067436451,532,1794,53,114,0.5853759713557137,8
0.026965154107233404,2.4367656609032258,0.002991769611481353,0.5535034171726869,0.4547478251019948,0.20633894680432,0.3014258139956034,0.4329693307834276,0.8840030326750169,0.6481631232057743,0.8584276462736599,0.8524495447739876,0.9563120277897015,0.697942236203094,0.8053969353943662,0.7331278954025815,0.6052268359457805,0.7173541338917317,0.7157504114248329,0.04090779303629766,0.5161108355315025,0.7926513607264746,0.242962186510004,0.46514798647401345,0.43498571096039507,0.40278716928424396,0.12183952776741147,0.5257115412701479,0.4462483652703315,0.6633927572776407,0.5494130587824516,0.027542929652153214,0.031917987605751375,0.7013598010182327,0.707581118559356,0.9599391337244668,0.8767046815038113,0.4680596673872559,0.6259065116851689,0.45718172769626597,0.22294623666775293,0.37667699725634274,0.10388423246466616,0.6665271189949925,0.19203014371396754,0.4754677874911163,0.9674366030213775,0.03166893064808729,0.15172995005621215,0.29857918437171804,0.9418069644162544,0.9088417961283306,0.16200084081196064,0.9811177732774778,0.7507475251294209,0.5399770829325977,0.931702882961486,0.880607142176593,0.3913164925172572,660,1328,33,546,0.5788430950941712,9
0.31934011198527024,0.010839827148012434,0.009167866200677886,0.3641939930522478,0.23718730879480437,0.014452828211682034,0.00300810108378666,0.12912696341841348,0.7289784348930645,0.9972881774861975,0.1049152166318279,0.9632278722400941,0.01893091910312715,0.7876372013113565,0.6819765411126595,0.973709280667274,0.43690468800009885,0.016462587870756162,0.08693040867080981,0.9931711381955135,0.8309142616805776,0.663361938585288,0.05895819888156972,0.02678215889890384,0.9962604210582544,0.005782133812326562,0.650616053973734,0.45441642412680194,0.07872415857720039,0.9456835064100558,0.9959541398996639,0.9770136592158511,0.9209648293929995,0.007777811374018756,0.6147902290253573,0.007139518846948745,0.0001478524248444968,0.2692623394694413,0.08862872583682985,0.33845531865600764,0.05517742883678617,0.029179474130789557,0.320473998377685,0.23742742072223944,0.04765877243650496,0.9726845671023807,0.023132357673249837,0.36860194144852776,0.7733799636869227,0.9660034375022611,0.42387231938254044,0.012286981066615188,0.8426892372319572,0.8104414409619222,0.11036416972521768,0.007444368802853596,0.0014548861861338747,0.9714546243370515,0.07144074242304249,992,1976,2,2147,0.5895166732928326,10
0.013242595808757238,9.638848351301286,0.004844923747990141,0.5677522175916191,0.506316208429135,0.1987773783572284,0.3521299437382091,0.0018730592122092604,0.7586250513452371,0.5870130823656041,0.004711942651453541,0.7701475432246137,0.9484138212011156,0.720318282680035,0.7733473300999045,0.7904741005260687,0.5545986628001978,0.9366163450667104,0.6907633120740615,0.008828536708521434,0.5760132581409485,0.7400560748869139,0.2995950671775652,0.5457974145372672,0.45421375147733317,0.5299976714399697,0.18927437895686833,0.4910409204205458,0.37190120454630127,0.7924772497079959,0.35005193018999226,0.020480170643077278,0.9481529021308216,0.27293040828635373,0.7870198649987206,0.9652132297481559,0.9704579379908133,0.3390365434255592,0.7429809102800153,0.47199170451049527,0.017658651945240134,0.425310985376438,0.019132675513265723,0.7057494332268743,0.692091154599116,0.6305130847083322,0.8823489596195684,0.00013563804042582284,0.7096003452443216,0.013997503329034933,0.9550400399671376,0.6277533284762051,0.47317846743621406,0.9292219953171112,0.7272839045726354,0.5311887575317717,0.8175005227725709,0.9932070802905678,0.34114575284863363,894,1632,15,723,0.5476800075106423,11
0.013019077035236777,8.697596599513599,0.00731682836269797,0.7101461612092976,0.5395711773247942,0.22918733343895256,0.08835142203830315,0.024323723898097588,0.7138998645940247,0.5228351865737924,0.0043838756230305705,0.6364625541893385,0.21450505451536045,0.7163750281950222,0.9932677260491787,0.9498515397333074,0.46993167245998885,0.9754236660463551,0.6055180993326403,0.1367559604759221,0.9127387523915677,0.9900221009412644,0.32804004451867524,0.5568932729299229,0.4691479089348985,0.5767562529979298,0.243174883211438,0.5665551976932689,0.31613099928399796,0.9365898863661309,0.28645415323104656,0.13774901036720577,0.9946098680902549,0.263947385856077,0.892922735587259,0.9809329088721072,0.7333776359781103,0.29387999518960106,0.769442700598364,0.3217344305179565,0.00044341414008113034,0.5435610301365714,0.04690742620398798,0.7557067696413985,0.7312929044980487,0.6691505518511294,0.6603461877197373,0.01412490690729956,0.743697403696285,0.03997744715209074,0.5572006156830809,0.5787596894755941,0.4930390867927291,0.9695647598742114,0.07316993345228318,0.4397715048593023,0.7619391173964559,0.9913691971271547,0.3336003181322397,995,1748,12,875,0.5559525452176908,12
0.2638864502610175,1.0500294303989395,0.007575561128330116,0.4430743520036899,0.6101578754275881,0.08509576927046877,0.06647151465925161,0.007111143033388282,0.7150652661314325,0.33460124689214854,0.14278643456159168,0.7477933633662164,0.7173778102554758,0.49439179745497364,0.6989969113477226,0.8493151368859629,0.7610628420810457,0.9519835707046927,0.832856022810387,0.24009065320995582,0.6431033239208275,0.7226230661385986,0.42712940450453457,0.7312123203309724,0.5770239025366772,0.6069311018860067,0.5273925405756175,0.1852910836295203,0.1740521570736262,0.8020047829435302,0.005916255331971709,0.26416449741956005,0.8678452292368802,0.20811923322641396,0.8236925281977105,0.8476301035711988,0.9923033652303177,0.29455531702322213,0.4019623468525333,0.5697031747060932,0.9638739975462903,0.5026816863477549,0.948525383168446,0.45640449828755775,0.6896807968613616,0.6832405101943875,0.7123371543516996,0.19361811052202288,0.7707125549164099,0.4356458479447134,0.8333276959891528,0.2267158040426916,0.05171095021275263,0.8016395646925065,0.6548431745918406,0.6775495560894014,0.7721300736699735,0.7153781604766012,0.24923737004765412,854,1601,21,911,0.5441276065082427,13
0.34168460563802733,1.1909802441569417,0.015844234655138748,0.36683097694186373,0.6243083376646175,0.06809429041881546,0.048058203882848496,0.2496148024519083,0.6167145378890543,0.3382524127976786,0.1919659078581035,0.511870886287834,0.2330389850296366,0.4112586788044824,0.6707427787203695,0.8655775958391236,0.7684561966655272,0.8606315135574675,0.8471979016868014,0.23166428746103107,0.6927032792554481,0.6382516789740954,0.5460285027117512,0.9464459149080316,0.6522994428677484,0.6645901802273125,0.507426460917852,0.1502720054530936,0.15328514891973374,0.8012173235218026,0.0487396647968238,0.5506520034187075,0.8100591294995543,0.11029238278228451,0.9899671559811091,0.8157936061597809,0.5534465966341604,0.13408122923883342,0.3988009597535318,0.6340811587346911,0.9658251359651364,0.5780881587999481,0.9349813827761222,0.4473152487875199,0.981452522149941,0.9868211138601153,0.029201430494923977,0.3882473844797625,0.917466294590741,0.4028092165504907,0.7783454102711106,0.20655518952531504,0.0408850099075939,0.7741179248106796,0.2263320248359748,0.7426155475320559,0.7491893545927473,0.7244023595630615,0.180468058130983,676,2037,28,1870,0.625660453769506,14
0.5178543695649493,1.2747505203598293,0.022163007656047548,0.44201315875853436,0.638398196782954,0.10039919061953856,0.029527706477007896,0.007639671548810864,0.6168749111401353,0.28247420756168096,0.2227009020959296,0.654804452620314,0.7356792652647948,0.5310810315629813,0.5720871602596382,0.6279727883776398,0.7742393600162485,0.4386853612832306,0.816339641553129,0.6538830618840705,0.7666695481087129,0.725055651200755,0.4397940392598605,0.7259382535310831,0.8555538361026486,0.4324263549001683,0.5074501362093485,0.11548019759364146,0.014665977763566929,0.9700707435676676,0.010312051215862521,0.23108641804584334,0.8184058142976975,0.13966698491483387,0.841932756059852,0.8431414588084267,0.22005789524370278,0.23209536401201417,0.41139388398699067,0.6579888790970561,0.9636054236446622,0.2387936912438685,0.9919692904935931,0.298360342950358,0.6164844573840981,0.7343179628555323,0.6849254055540173,0.22519132798408392,0.846595988369643,0.4448168645131175,0.5008213355749724,0.26355856147672074,0.007591718145191335,0.7597728194533874,0.4553648133158717,0.6977695577715497,0.4310930121247341,0.6468592987684667,0.0314533277787975,367,1542,21,975,0.5648413391805063,15
0.17734417039121944,0.016258593408437307,0.0024879909925761673,0.33029854910561374,0.8568651510747582,0.019487096972500065,0.11863732648038358,0.35417984940556524,0.8113036638863398,0.4519259442217567,0.18804811754159118,0.838175760864019,0.543010691237113,0.4016382149695816,0.834469409341426,0.8703629953171569,0.8054354337839744,0.8367661072560283,0.961251369062034,0.23973663203449772,0.9641927112852927,0.5897275879342736,0.9677768298536895,0.7020474347322985,0.8353453420558306,0.6520812252349003,0.6891019390212674,0.009353544404682723,0.15229545028933072,0.7783235134881912,0.19038384962889843,0.23533463355047302,0.6572230403787953,0.3624662851198807,0.6171784894606287,0.5428261274101445,0.7185522095374333,0.06814027927608934,0.4856060245915342,0.9834199027178868,0.8251251824618108,0.6278649339373159,0.8407266329827507,0.536622248149886,0.46479535264414823,0.6979139288224087,0.21904331782528233,0.18974928248121184,0.6542290089166432,0.4945868766527643,0.6225140393443738,0.0048004661181826214,0.6814998390516604,0.9981776257772164,0.5704995258878545,0.3948300723585251,0.6903765764795968,0.5744224442025587,0.24613048344920618,840,1217,1,2326,0.6889202081048661,16
0.1199988639884966,0.13267555090516853,0.09574545084234902,0.46088095306873766,0.9972720840811236,0.11574073300543686,0.014459969369546067,0.1439175887253933,0.977925928903844,0.23066366713926845,0.5844244190527963,0.4881134824632081,0.7225149857966047,0.6076019088540893,0.8622411628229222,0.6012719994827709,0.9720852989247679,0.22249653251810098,0.4409688987875374,0.7304561986705878,0.6181798582915683,0.9013680319725459,0.6030870963376866,0.7960607144481483,0.6084362524694975,0.13944709456918147,0.42092647383447507,0.2661180454388846,0.1822917678130116,0.6119913831842085,0.009892507444815402,0.49557869809557736,0.9982504494228157,0.23474185915042162,0.8559822546947466,0.8591837289449351,0.49784846487303824,0.6345762253667695,0.3329441505130731,0.2605677860191731,0.560170139546195,0.4471700957606224,0.5171461090184536,0.40979250048370786,0.6709519422345627,0.5700595943926728,0.4103448550483452,0.48194618418621343,0.9883234777670283,0.5578810018067526,0.39637760187479054,0.1885225524033779,0.9876279622745116,0.7064987264234668,0.016795660356256792,0.723418246173166,0.4945080200004338,0.7790052047517636,0.4961745726885874,728,927,71,1078,0.5916827206516122,17
0.6877631568331575,0.03408631861636216,0.008126075975340161,0.49292140101006876,0.679236604613214,0.3152128255506005,0.10277784496140527,0.3138729355820787,0.823825781303324,0.19948997427632498,0.28580234372766433,0.706605593744305,0.28971671285915285,0.46121614551523876,0.989603672763786,0.8310263013433751,0.49894886052140774,0.5288214034163066,0.5945815730118453,0.25850401116385735,0.501090369307673,0.7769002922162385,0.3885314137957727,0.4613202794511354,0.7027963803619224,0.4284723595689183,0.5878798207928584,0.37444649427196147,0.26346508918218314,0.8803768914497898,0.19749363765805464,0.6460605939826962,0.5975839154309546,0.3693431870455627,0.9066661997385841,0.7539887544598114,0.1329744599678922,0.39285990457670456,0.5250603107180302,0.009993614189314548,0.47301323233398346,0.30423447411555793,0.8417806802424154,0.157950885086326,0.8225995913710573,0.7533362708467798,0.5610744894181519,0.47020655361042296,0.6376609946195209,0.3514931992396021,0.8523795600561097,0.1262465360231137,0.37280886246482253,0.826598790943718,0.2051324343197437,0.17847072266373049,0.8373183793254431,0.8137121141573261,0.13101265738082984,591,1496,35,1756,0.5841159175495968,18
0.20857377300913496,0.026536417443274077,0.03899165721268884,0.2365999740619626,0.8225356821457432,0.07241323117121297,0.03156162788113022,0.17006811760792057,0.6449743654674048,0.43757345606873804,0.11180966961706655,0.5743113194665339,0.1081259894845741,0.32997402112298624,0.7204119075709234,0.9616314709284468,0.6715574007330535,0.056213461902501205,0.8826959132357777,0.16424304770863285,0.04592113152400901,0.9759400296037977,0.6101373786567911,0.8235452577686273,0.5745385543210514,0.5895300059817428,0.7570074124911386,0.21215257716115543,0.43654645663234615,0.9990848314331491,0.34060321507910135,0.46680991961082857,0.8701488367059877,0.00014403463843892794,0.7343011279116248,0.5412079543248746,0.15146674096466373,0.1945730677973353,0.3164834345612549,0.5319602082477672,0.7862540050864475,0.4696270579673276,0.3367315304541455,0.34826670556355,0.6168848087885891,0.9982550040384055,0.11818712329382122,0.2676179754622967,0.8504518594280841,0.5060629546118148,0.7048288033565093,0.24145407326602647,0.09474610984196474,0.8722331957563565,0.45369152131236284,0.3827328666949295,0.6477782544636554,0.5386264517231931,0.25894568275255636,420,1844,21,37,0.8813499276355994,19
0.5300127587204722,0.09818240136655079,0.012527714912039519,0.6047826271610431,0.6922191074864473,0.1827486431669992,0.002814376557316695,0.09278767806706129,0.3461262969594249,0.3751884797494839,0.4921854920401497,0.9964531854216238,0.5863127256939522,0.6123852992224754,0.5791937128743477,0.5892870918504035,0.8631573910129537,0.24168404692948464,0.7412475897912378,0.3325601132715166,0.15419669089439797,0.6817210664978529,0.3885017496081519,0.9964935635248114,0.7801684907317613,0.1799549912971457,0.46733833393799146,0.11203085140742858,0.21380429647986154,0.8596550279224472,0.10417755285323635,0.2613931234861512,0.7910481579095598,0.1667443967463929,0.9908317598885626,0.9019032261497759,0.8409405113196623,0.030485200648189492,0.10151088957137855,0.38866677197112703,0.15086990763762143,0.6451629031613062,0.18686002147702252,0.4859804026549683,0.9060696430206701,0.3866581242796221,0.7173173052992067,0.11437656994767187,0.8403454993641589,0.23014263441612515,0.864029034971588,0.3314286947446401,0.30365885989809266,0.6723792753703731,0.631103616272593,0.6239227244411638,0.3159976594956427,0.880008308394324,0.02247515886139051,883,1042,10,380,0.6368736863630247,20
0.053932774005736706,9.555328793210895,0.00512144117138208,0.5507068934121631,0.522761721623833,0.16565444579841543,0.19779402980947916,0.021217545579476194,0.7712378434069826,0.5165560673910679,0.0076447175507050324,0.7602419996682583,0.9910838600354931,0.8244444891354126,0.7727877337267137,0.7491006911074365,0.5669342577319514,0.9870776936869124,0.7501469628865866,0.026266286261857025,0.5911804581615091,0.7612246638249597,0.2904921903510448,0.5403855797468217,0.4221597497522942,0.4949088053421019,0.3181975315803429,0.4034887930478198,0.36042840997733205,0.7575369478172507,0.29754596134044337,0.12686949727667118,0.9074960027982475,0.2717682365174565,0.8010061225899812,0.9955620556455577,0.9910847246678084,0.33208443613321403,0.7003860100381395,0.5529142114507517,0.004284539479128274,0.45305638621814937,0.01645329636743021,0.6667810606957251,0.7415330884870363,0.6330301229787365,0.8145254974446636,0.06647626391707806,0.7162242234320679,0.01681846619657465,0.9984756053019026,0.6533841156410033,0.4500334329522259,0.9164538107701277,0.8189835787492021,0.49651637169714935,0.8261287994027944,0.9888270934816058,0.32035048102665076,930,1596,19,688,0.5556716169547273,21
0.011976272701509026,0.22038324667747353,0.004909509530944405,0.5582370102794549,0.556668037359276,0.22929081099191997,0.1811006438342869,0.01446623736526514,0.7256997302556052,0.6156027195422161,0.08959159690140074,0.828434467625846,0.8394790888471363,0.6784613851807402,0.8775094002346762,0.7990562740536102,0.7134559770582871,0.8651890127180271,0.6443749221375994,0.0015844083586109836,0.5473995898925611,0.7111678181811576,0.23525013204700046,0.6188678979667075,0.5255728237409776,0.5009177931140388,0.23372056161208754,0.2823874696194318,0.3686652747568926,0.715874204791594,0.38992692175193344,0.002478828514205389,0.9957014530401341,0.2114083387286544,0.7884262389664239,0.9117743614187571,0.9944059516258688,0.3291158719240105,0.776825041397342,0.43648811189153736,0.09958683529696416,0.3935010287888885,0.21589714039998556,0.18401532622244393,0.778225932107923,0.6053872102288937,0.9507145140341561,0.12792513479265222,0.6199112989503455,0.3347673553742042,0.9043252345311255,0.4450901327151652,0.44379953648398895,0.8887966258554407,0.6488815366185436,0.6139709968555428,0.8343238073941713,0.8910997865895963,0.38325071815782147,909,1660,10,744,0.5563170619261056,22
0.02724475246684033,0.5613277199185833,0.004728490304329879,0.42132979835174805,0.4769426315642823,0.07216053674325211,0.3798959136878208,0.2092142118120257,0.8330709115089064,0.5237480167350296,0.07151760088209103,0.6919729888456019,0.8440881216499531,0.7995137960811822,0.7577567033615166,0.880538770683881,0.5430517671056079,0.47461717083388477,0.7930607343183569,0.14928736971173193,0.44373117309109955,0.8575062752422098,0.46932304460214735,0.5067475941548636,0.40527351311889603,0.6520977347946146,0.5526401699625509,0.22044988739108307,0.24372551048425944,0.8502586695257703,0.2421921495152991,0.12996001871303348,0.8935664661984165,0.306699964572811,0.8958062451506744,0.9989354486393118,0.8985905327068787,0.19082591814235716,0.4916148244879834,0.25629433123852324,0.15900080840772923,0.5023433200010391,0.0007233513990527012,0.5135436634829562,0.670715060965182,0.7576425630163081,0.7766508925268472,0.0013568527798245686,0.7794431711834523,0.12081496329292285,0.7938861644910631,0.07002959150958948,0.33139857978841475,0.9959382058844339,0.7904892028277208,0.35780650636043226,0.7219265536333244,0.7561631644162727,0.1271479759210763,744,1859,29,1128,0.5968905756840578,23
0.0957653816833925,5.626433199350936,0.014745067244798423,0.50148009378386,0.6386996860552063,0.1381024336687944,0.05435349240500483,0.08433190620584508,0.6727254551079346,0.18329488058478294,0.23686771466178597,0.7777307863502021,0.6498533407051399,0.6425293690013794,0.8897400016005836,0.8019335169909685,0.41092972629443436,0.7650474895388847,0.8991990582119856,0.0565325549949617,0.452600699144211,0.5836833841204405,0.35766964618168895,0.5611440617571919,0.5292667269120472,0.562320485343758,0.3981206493809861,0.3227950182340049,0.5060965741267026,0.7130647967908926,0.13636518990491273,0.4163330640836653,0.7510433560660617,0.08584762003609887,0.6640441213026688,0.7652104405595525,0.8579171663525801,0.33772490884504625,0.5927816802429196,0.4279105320595827,0.23150594380105574,0.2683235460108029,0.23789999009501095,0.36185642572331006,0.8611638274070659,0.6538012342974009,0.8926904390885223,0.12375470757057692,0.9993028056996107,0.2359500944825368,0.9042034304768911,0.29552322184625635,0.6308992330114356,0.911766262717529,0.5043506105896586,0.46712776147457535,0.5771615419462715,0.6494091855597428,0.27614570472326155,866,1448,40,1657,0.5332883181220941,24
0.24690232946643978,0.09486986472284226,0.019594168423795615,0.49381749932983854,0.65718022305165,0.0667137797397442,0.05728459593914561,0.1158099227731835,0.6624261315405486,0.22417855558226035,0.22793645504861376,0.9109896784295687,0.5142039789864703,0.49754099181327666,0.8916196043109628,0.9959928866667549,0.4522783739727347,0.7182620977894264,0.8961153167569247,0.20902332746711816,0.33023040512220264,0.5925276127932866,0.4060613081138712,0.7092651768421087,0.6664552772538631,0.7180148375909183,0.4392945642052687,0.27739376507752156,0.508755612953611,0.695572223574543,0.12907156401868905,0.41707657482653127,0.7633745664168952,0.08160982090322633,0.6181491560101965,0.7900238410276403,0.7984121741996022,0.36176983752336217,0.5945541598245022,0.38217195842390894,0.22763287878797037,0.2533719982551976,0.40256316284113713,0.3505507404239523,0.9135058990478794,0.9058816872296839,0.7327159745989142,0.2681640024284101,0.99857612101045,0.21971672619884208,0.7243719262110657,0.16994079267644807,0.6652937083022734,0.8389641883006252,0.5545079434352557,0.15181832249420496,0.5681085776932473,0.6541440476335381,0.21411030761677527,820,1437,41,1596,0.5360459082864603,25
0.11364521843354963,0.07221807425305626,0.018525921881581062,0.5031603769399655,0.655176687144409,0.14782709241276337,0.044075374191861645,0.12651389932971766,0.5448460740670211,0.17575570088576786,0.2411889710459865,0.9149189002590913,0.5321849511794223,0.6511205235876404,0.8994476509810445,0.9374733773748286,0.4315774039201679,0.7319639128431916,0.9051137243073213,0.11050209679197885,0.3197519876967801,0.4758521355346897,0.5321902622018192,0.42278491739792634,0.697849667108535,0.7303088411113206,0.4219561663327628,0.3166771845048598,0.5163024408582115,0.6859333144183983,0.12275995525025209,0.4323464919242199,0.734447766331333,0.07781935331834297,0.5512145777848523,0.7670828335140505,0.7687241628222938,0.4089461520350174,0.574951212918565,0.40191304878062345,0.2513612600847722,0.2505378773078798,0.2584782222307855,0.35390165564359294,0.9035173325567932,0.9004066908270335,0.9973649720678972,0.2634269129472675,0.9381329071109146,0.21911435916772548,0.7168559994227623,0.13402560119665266,0.6706625609679571,0.9029555673425821,0.45810897291801433,0.12165145911511226,0.517689411197463,0.6226576367856702,0.15067747888318705,593,1436,65,1515,0.5425986659929215,26
0.37768035835144825,0.11408910918879306,0.034960109726053644,0.3032569025279357,0.7358233269441813,0.06066449939887797,0.15937362500224647,0.22175547361274617,0.6597348768242408,0.15625981979080777,0.2895127559996203,0.903651047242648,0.36865567793066145,0.6025690375331412,0.921048940458753,0.9141809477781222,0.37837273453407816,0.5282828206109387,0.9690969900423597,0.18837356548281464,0.4579252201455013,0.5680006128485304,0.360334334198786,0.6212106671946784,0.6678851048336484,0.8540434870075218,0.3518052417247616,0.3912457367515918,0.5337852423914151,0.584544932358096,0.13030183903408676,0.5378252283603682,0.5511544369244404,0.07758279448432381,0.6399597032397071,0.7651766645400763,0.8052564478952651,0.45788497813377893,0.6196204778709793,0.2589033551186279,0.22615145210938623,0.19180959450427326,0.39739000787881895,0.23148604700442077,0.9997722252866031,0.9268060717492402,0.6285461497642386,0.30875273243863394,0.9722127318265843,0.22812784171564182,0.6268327114720725,0.3034517670513718,0.5401289442866541,0.8385953152743538,0.5196429262489504,0.17928769155279525,0.5936619706920951,0.4716724021638682,0.43309311531229844,778,1249,43,1615,0.6021710273826787,27
0.18897740935044643,0.23445557556701177,0.013013119664072042,0.37708026599188504,0.5800192819978889,0.03798858700528102,0.023894942542277475,0.31045632532747985,0.5795373160803197,0.2184453089117873,0.1928633076696002,0.7898174283259237,0.5050065671549446,0.48047525331343083,0.996878633044144,0.9885272052501617,0.36366303962971924,0.6411602939110198,0.9063503086317777,0.29940079708564704,0.11646583848226126,0.6529121855124544,0.47617094853257613,0.5461365112398346,0.5215014007099881,0.7032761800477956,0.45213446987101397,0.276659420316237,0.4582953097669035,0.5203460941785416,0.26533666340514306,0.6571892506168235,0.7562460924152734,0.0659986232068239,0.4988312206645196,0.6882197951249718,0.6208326693438817,0.5901208123493412,0.5086443914987276,0.3595479549247565,0.09355647352366128,0.3257025947398562,0.14967074760482119,0.14509008706640014,0.8399122340457845,0.7952011090161439,0.7759503052514127,0.10872808144912982,0.9968166453181777,0.31477918298701335,0.8872830209813741,0.17378298985356844,0.7175781539064762,0.709913447344071,0.4009982301526611,0.3126300514611966,0.4949288527057356,0.6064910496746958,0.3045343279076571,954,1150,38,2106,0.5994201220389125,28
0.7128602293453776,0.05476940134669182,0.0428194470873917,0.6045550010835222,0.773166055008195,0.11212783207742827,0.054871202013167995,0.08132036733548982,0.43099339719595314,0.3956389796018012,0.35115451268527315,0.9249209020729047,0.6270403289093116,0.19417780525073025,0.8214333700740039,0.7510394830661964,0.47698247516942643,0.7672003088453488,0.9955398319501234,0.09281143100993476,0.2808541960893806,0.48119715806777486,0.19677695406159643,0.6445240682769457,0.7457522159278318,0.8764884207368524,0.366071108600396,0.23255838402609705,0.30839854931851146,0.7142195062947473,0.15813404695424813,0.46249044066784745,0.6309978486973973,0.1743406577606247,0.6805168580700236,0.5926230554354555,0.6745511474402439,0.3768093540349654,0.8925597109771537,0.46853944624747745,0.17230734852345836,0.08074607765531547,0.24979610401492242,0.38788761551308737,0.8980097536208957,0.9039111169794382,0.5519558968736518,0.39952664408854877,0.8876624750262397,0.08550375202531882,0.7660036724470513,0.06441734353623792,0.6044286494893066,0.9456278043540709,0.3090361971971842,0.3210700034972481,0.6418740070317255,0.7026346700658364,0.5577125127319282,525,1348,48,2501,0.5185978244252877,29
1.1139176768052912,0.04578001973337946,0.04731518442236239,0.6457970149816876,0.7749107467192657,0.2583158146499561,0.020609334213241712,0.0766490048789579,0.42308653409525393,0.4465227442541846,0.34607926052534876,0.6904533294838037,0.622981516913591,0.08829127182103225,0.8338313671732067,0.716134355943763,0.5195935874344878,0.12927639994760626,0.9663647111809811,0.06442193665497302,0.24981340071403915,0.4765609170490347,0.1521932712910836,0.5951734836781819,0.7577908503863394,0.9899084981821977,0.3488451759620203,0.07206781555328465,0.34513051766798375,0.7224218320851892,0.19310972946175473,0.46849976831605433,0.49266548424675044,0.1906460926117392,0.6588374572978207,0.45104497402360355,0.6501155822069318,0.4044923234687542,0.9832809542359217,0.5074762205789204,0.1866366300420022,0.09805484114158028,0.24735934185903005,0.45122584331621474,0.8707541485734428,0.8025176528363659,0.4781221382235465,0.3919267844638303,0.8837401848181106,0.07886377557817373,0.8133198490762961,0.07207971164726258,0.5806621380153608,0.9240505731514791,0.303216078983907,0.3033495631467537,0.6363858939741575,0.7031878053272118,0.5822175957738189,459,774,60,2541,0.5188272629893349,30
1.0697289829273018,0.044146800482366653,0.042809152276718526,0.6444775176874485,0.7813389844824822,0.13080666066811006,0.022259856655644335,0.07135798282911456,0.4326828418377159,0.3899540487861723,0.3417392182004995,0.7079031197168547,0.6105460107143835,0.09230573870199445,0.8401173461234137,0.7225267554823914,0.5032827603503932,0.11784694201262517,0.9991722198184623,0.06398507817861776,0.26283989774261807,0.47207129797864983,0.1633775208497896,0.59482434508908,0.7895349782905834,0.9919618507452205,0.3626233677058656,0.07749859860420936,0.3148096479779081,0.7324369478948094,0.18134039521800016,0.4690505531269879,0.46258578148616025,0.18723609904635702,0.6818899659882943,0.4501857213723081,0.455155628193309,0.40202865978493363,0.9996186639818714,0.4973900808209792,0.18309971708187867,0.07916385265226043,0.25168423743326795,0.40572392059625445,0.8635903799923076,0.7971097914050824,0.4856224961417257,0.4065760482705649,0.8705807892723912,0.09432649506916402,0.7694930951580616,0.05733970847997059,0.5785213542945508,0.9096140778312697,0.2891417848914935,0.28210273036227107,0.6576402257533932,0.6733544669139698,0.5666625342510256,473,710,66,2580,0.5192951122965263,31
0.9479283142468033,0.049342247398037664,0.04986335761911286,0.6655130784990222,0.7855061532488719,0.26124138515246603,0.01497560965570018,0.07706523610904391,0.41917390642329955,0.4155664030029738,0.3670223332143998,0.6781183427324983,0.6037912185727667,0.1255620687229652,0.8215052886439211,0.7069921542883886,0.497603210245966,0.09283242763693378,0.9908545496087269,0.11447687845864925,0.2403412017898072,0.4627606449128995,0.01976998391305118,0.6566017353387589,0.7564426009784495,0.9976703591188338,0.34251706253376507,0.08704377688780955,0.2973921115474539,0.623922308979721,0.21025170173635077,0.4803121865492111,0.4700944647474215,0.18161535146451002,0.7115424114125315,0.45104159581796105,0.43649461497269826,0.5112918489434533,0.9571984530097873,0.49955844835164653,0.16002163710197026,0.06511169338284606,0.2845387139623962,0.4156399610738251,0.9332305039819642,0.8073237222493399,0.4712266256548136,0.4226088387543537,0.888430458244814,0.08670649419912306,0.804805906487534,0.05781553106380728,0.577173727930809,0.9414568751980633,0.30235809035307626,0.28651110598350266,0.6668670237130916,0.7249645093712652,0.5670998101282296,437,620,75,2541,0.5236973940123006,32
1.6310391653556477,0.02848003864592511,0.051722247673651335,0.7089937200473547,0.7706144181344815,0.1302146944178192,0.01957040914102258,0.17033000522621924,0.3675535590679476,0.3977335365541996,0.46658730446632707,0.7151310849386218,0.5941189103471338,0.10260744138008793,0.8042455095189498,0.6659555683369552,0.6372925604142239,0.11085045834558072,0.9981368800341905,0.06302356088519567,0.27793574561196666,0.5008488317217847,0.12082825851456676,0.6026759809004538,0.8696551625048985,0.8888578047232463,0.3178137712167481,0.08081128876546328,0.30129499698242557,0.8828569387048552,0.06511234071687286,0.5490305116014025,0.5297064949949608,0.16236585839162293,0.5387355843706569,0.42947149471613616,0.6430362363395685,0.4214140270201411,0.8953802121534133,0.5196372937904834,0.07239272923230303,0.09358167128446246,0.18143261744707137,0.4962740334377386,0.7977799069660818,0.9043572374288585,0.4444003667622973,0.36832941520103946,0.8517349537860553,0.13747080596942918,0.7655914787851402,0.0923968726073211,0.5435535544808977,0.9913495199691487,0.3284277845331112,0.237442665105452,0.6406329530885297,0.8054065120288104,0.5581805647031628,291,792,62,2655,0.5235489043801005,33
0.8409238392096346,0.05737418274808995,0.029834988200446996,0.6054991097212905,0.8268339788278257,0.16537018765233635,0.009480781522352523,0.07551164105265774,0.47650696717722174,0.4570620530186064,0.3338338036283164,0.6145665997598323,0.47199530223456065,0.005355698710543755,0.9462113699634482,0.7594885141026569,0.5219308955130372,0.13080087533567447,0.8526810774740029,0.07550280022500924,0.14470144339882635,0.4142424953655013,0.1799123257815452,0.4748188682926002,0.7607856797822962,0.971090091099849,0.27219485200754306,0.0016754199036521367,0.24275225765729525,0.7396308219077433,0.25131562858360884,0.6173062350870643,0.4382445034429488,0.21668768018723583,0.7521804360382129,0.3643155811967035,0.6629636813641022,0.538128950307576,0.9899560780138715,0.59453141772611,0.12354353828892069,0.010769283672188101,0.12212827945096708,0.5721108957837755,0.8632755921161719,0.8561652465599289,0.5465003548167876,0.5604188287090094,0.8926430780573807,0.08842958708327332,0.6843257261724074,0.0054309140917455645,0.602566114712785,0.9393532289640254,0.29545871490574116,0.34027358505108013,0.689038186271967,0.8340183922102179,0.6279680493359281,504,298,69,2421,0.5194773459157427,34
1.0908518138647914,0.017954928473839296,0.06917261369418964,0.7045341822045561,0.7414519331298819,0.10754517436619115,0.009484786598215018,0.18160679583991263,0.3282663759260675,0.36727232927166564,0.4116847600482446,0.5740022507651983,0.40375022885804795,0.19309943658365342,0.8419991731326926,0.5503142265573783,0.580367170814176,0.2103580376748,0.929719040752462,0.5600323106734492,0.08658058614978692,0.30917223332174604,0.1000403340554277,0.37861457654925595,0.8271171823811565,0.9167498617322289,0.3766880729890061,0.1356281985754903,0.33520462735298384,0.5650124598634194,0.17073036978190173,0.47075852804416546,0.6308055209650634,0.3990252035746025,0.673635096004829,0.599104130238995,0.5475036330345024,0.476326387172322,0.897561117134006,0.45860965534556786,0.16863510225018744,0.11999857611018955,0.2211467125188121,0.4218151304961352,0.7813444910162615,0.780123801046958,0.3793179462810481,0.4309661783736266,0.9271747403272859,0.09232760360566868,0.5937123649649091,0.06719578642878399,0.41874251225204984,0.8858202568996741,0.1890802549786964,0.0771552099208285,0.6211490651548641,0.691974797466588,0.4534689644833187,473,642,100,2978,0.5062218857955036,35
1.8404561820438023,0.015980389576647956,0.07336764317615362,0.7891030920746978,0.7030050304926434,0.10386553168914636,0.009626049023843569,0.17937141332845283,0.262637925175252,0.30009520529656886,0.42841233213391444,0.5428885358213803,0.4058791320142683,0.20081024087881263,0.9444083013890278,0.5370713483386573,0.5800521773061812,0.20213253485268928,0.8035622675191074,0.5447053420931289,0.05942150245845726,0.2969776356929675,0.10202565248353676,0.414335497164017,0.9104319227936992,0.908465226704883,0.3744426216036192,0.15783420852566035,0.4061312579794356,0.5414446823106195,0.3126078297554825,0.7050037579071083,0.6409352367687571,0.3954435389717311,0.755540375996723,0.5992820342633435,0.566266226457229,0.47996154532201896,0.8789278093138182,0.4560786030547268,0.28818077077973886,0.1396167601728283,0.08116338890607011,0.3030448219418656,0.7876303804930108,0.8638581090427672,0.33634966000407873,0.32473513098469586,0.9368728461331445,0.1608850474066802,0.5835678992602408,0.13578394095076168,0.4036066387848452,0.8584001955551953,0.1643178315192275,0.07242582016375163,0.5174924090864146,0.746394152820283,0.4598285695011909,333,416,100,3000,0.5218711538013949,36
1.2904590837995857,0.0716636970038577,0.0973300324041286,0.6977767303512991,0.7463254975493133,0.013730788686648787,0.008225050424312097,0.2185922009869879,0.5088971467682001,0.4953730431479318,0.544895947830794,0.4404770619359143,0.3395909130305323,0.16676879641172113,0.7476179987830501,0.6726008263952064,0.6536435202148776,0.2942696090334037,0.9280942218950589,0.40968408503789394,0.18407693765953742,0.23013612285085494,0.011734006973854516,0.30508348472858027,0.8247910851809322,0.8415031215375748,0.2910594393614312,0.21911548691928748,0.3623437967406887,0.4252146981510301,0.06244291514454692,0.5659692488672485,0.6157012504231941,0.45852506974420215,0.40872395994110045,0.5896961656462509,0.386508118321628,0.5640490301346465,0.8457217922686148,0.30374950480820206,0.0501623860465539,0.1753316383467036,0.1657554262022689,0.5493497628819961,0.9566984709426702,0.9389343366340506,0.37821145457208294,0.5282198070328357,0.9247008778262897,0.0650459794260812,0.6655871773654636,0.0816430458018085,0.5351444806967671,0.621293440049568,0.34999114309425083,0.22078680875974727,0.603980220834816,0.9267564841678638,0.49984083838586196,207,885,78,2811,0.566479277241147,37
0.6793637370479549,0.023185306935054058,0.02639243604544911,0.7611461216108782,0.7317783131105734,0.2732287075699319,0.00565230856949101,0.15465643334752968,0.3095813322044082,0.3655133959290694,0.39707664268884446,0.5863076431639,0.4347563668680012,0.25514670822629437,0.85017927225586,0.44971308370313057,0.7020615968960002,0.30092148104678773,0.7650960704764234,0.5166650994710533,0.09852736834349834,0.40379454225026856,0.09218018421575117,0.36141528156916414,0.7332449997861118,0.9403759879352926,0.47895337904895674,0.16013175332537508,0.2739606346240285,0.6528830134561512,0.16503672355119264,0.36814476278026387,0.6964076006081572,0.3060803856552293,0.9469875354142707,0.662267921411179,0.5059680827255274,0.6395196198987452,0.9351238486349716,0.4224303789663775,0.11468500075380865,0.12388816683049064,0.08182500813715562,0.46783951298923676,0.8009996964076459,0.7419023887075185,0.5148196466444315,0.4467538484961061,0.8076566482378994,0.16774485044194373,0.547347067282578,0.11768708984485055,0.507031328523547,0.7592524306890343,0.2404252133450274,0.07847022916377991,0.42070019810826087,0.8293310694038507,0.44034364573698237,540,184,99,2851,0.5099929421697371,38
2.489717611010806,0.023460600080276197,0.025646852311522063,0.8031562536165632,0.7288268111346203,0.38137074169215407,0.007441947863117393,0.2790348748507363,0.30587473830929435,0.3504956095848535,0.4187065083522237,0.5688163101052627,0.4482504612548403,0.26932877172983666,0.9375406185692046,0.3635407048349561,0.714264520003435,0.2839268232913076,0.7703200268416125,0.5920379498550994,0.015097470154029291,0.2505244399065152,0.07939877167886943,0.3295383587681419,0.9110120475393182,0.808999355354639,0.49526227177626053,0.1349345581432987,0.2586106875975592,0.6660000423291027,0.4058243755333766,0.3955762854531085,0.6806555573004933,0.30765765929556854,0.9430082510717815,0.7072787677207811,0.33663696964923734,0.6367711702139516,0.8237896703903099,0.20644412638900111,0.11418867234406307,0.18333911169126893,0.07325619529497662,0.5114419375168782,0.7613776688455611,0.7371466940726359,0.531281329311309,0.6069661230984809,0.8188326835536281,0.17502592317789495,0.5317165237572372,0.379326936084734,0.40583167568881284,0.483333598144837,0.2329666126599321,0.05992804985388913,0.39273210632722216,0.8408711677627388,0.4210595033174337,560,155,49,2836,0.6094676909407373,39
0.6564185852846874,0.03532478054034664,0.028422724330182694,0.754331803841993,0.69362522640179,0.038362774950095935,0.0051426502311578285,0.16568549081353173,0.20959198278108926,0.38271784361496014,0.391161738110749,0.3400389382846961,0.42568886752236407,0.2347122696809579,0.6294368684989193,0.4238148217379446,0.6200351225743403,0.17790117148634924,0.6882437180306501,0.4851458457040986,0.08064594973622863,0.38612837383907805,0.20982084685546656,0.23722015828837817,0.9940770280018465,0.9038381881268573,0.5584427414385296,0.19205336806606077,0.41366790324868563,0.5740460309837868,0.25241230324920716,0.34668672406684503,0.6898081498155856,0.41061406630357455,0.9184813445175093,0.6282811122847187,0.49851757231752447,0.6930882345031436,0.9181862048924676,0.4078526975956235,0.41515597597716153,0.05459969618469178,0.1452237476982879,0.5886955763080135,0.8137936573757091,0.9457582168216051,0.6076468130962509,0.4939150886236418,0.8096948608406321,0.15010803761524155,0.4619974207003861,0.14192558269881136,0.457700363336479,0.8685070114485348,0.1689326430665583,0.0042224386064479286,0.4552819164502834,0.9323703874934762,0.36744916657076315,606,61,97,2260,0.5186503640105842,40
0.6725170022658662,0.03496372233008927,0.026977811518515665,0.7397404343363231,0.6950901096365667,0.10144438969717096,0.005166474586888623,0.16625681695801695,0.20145712127330986,0.2951708855853219,0.40048117249429027,0.30001944519937473,0.4011214486721709,0.2656001164151189,0.6475306857250566,0.4302308507028332,0.6173432436261297,0.180691431901051,0.7158814283804986,0.48423275576179486,0.0887251934147904,0.3895102467364351,0.1943670174461562,0.2138337927065854,0.9949184699665015,0.908738368777729,0.5629846594101906,0.16553837968635124,0.40099771336953205,0.6430483821799221,0.1579897882718813,0.35753683710960554,0.7029612688269868,0.4190704057414557,0.9359148644382099,0.6413884399123664,0.5221454937425355,0.6965373351345916,0.9268559303238402,0.3882734854094005,0.31056626554673783,0.007193714806814855,0.1125266532129772,0.601578870639627,0.8028204910602277,0.9535273222948057,0.6020710575732655,0.4537715915075751,0.804353561753288,0.15852093232082554,0.44203965311913923,0.1297635169811786,0.4997082520743562,0.8623717986054759,0.17001772256337658,0.017995285518272598,0.4327859425359376,0.9275708773914069,0.3799248524279134,637,34,100,2215,0.516587343928108,41
0.45716956227015754,0.01903799516003679,0.03171215676924067,0.8630788838185943,0.7180068610542631,0.0993167814420973,0.004535270505025443,0.14788495469199964,0.13757236781137389,0.26756440823531286,0.4560077924681718,0.3199575287786899,0.3312502620887534,0.30843713458895666,0.7491987315273663,0.4345201073985913,0.5912170418165965,0.36155980060332377,0.7401950368997424,0.5134805189620698,0.09936922256165781,0.41443564124239235,0.06071189093856866,0.23416471810317335,0.9478508718113989,0.9358215405232044,0.46634880682693,0.15886324837644877,0.2855189535668078,0.6481626929413695,0.14823335739854657,0.32150380660349825,0.5771405053478362,0.49501104153132924,0.9572628897464354,0.6591331629816127,0.5628583642365367,0.7942567956699769,0.9316787092747499,0.3459700903285476,0.3236775032985761,0.013379863253423288,0.0923120721495777,0.6115465855678238,0.8113820273599874,0.8614708435665662,0.5867146264398796,0.44258629389816156,0.9177089897433005,0.021431741659566045,0.34609225491560547,0.033573348666616085,0.5185349094159777,0.7618644927180701,0.2424866470332514,0.09694541898706796,0.35870784981401754,0.851009948876315,0.4211718881136354,651,245,91,2750,0.5215038398784048,42
0.6401674485872617,0.010392404789094364,0.06729490443996242,0.8375872778259152,0.6799898103252662,0.16736233408706103,0.011994102276974561,0.23978496510039327,0.01996965832680625,0.33732927921983313,0.5190486905953497,0.15158196315306982,0.39388682397691854,0.16838608921083054,0.8074073488589362,0.5424079127626772,0.670377034676535,0.24715395527577488,0.8546150519690411,0.5873199764218319,0.02032322908838012,0.3425200642823488,0.20620514239704887,0.3605983406057925,0.8606145407595669,0.7988309214136087,0.39994294791536883,0.2398322719272577,0.4031686493711564,0.463766909489968,0.17001472038826493,0.3746521763684919,0.7072370607430369,0.3298382446230642,0.8699288399173832,0.5612216833152034,0.5246418563806741,0.5341814763968922,0.85529673482111,0.4514699065755467,0.07404472621403829,0.120701065345784,0.10762652432193584,0.3941741405525954,0.7466461598669034,0.9994609972351333,0.5029822753361037,0.43895913764038674,0.44593130728834607,0.18452719613350294,0.5990456804499089,0.002169322619919818,0.4954664122577834,0.7979747845356726,0.16897626926016895,0.06594246181798975,0.30521364891758984,0.9414656463074684,0.46800801195420383,526,404,92,2980,0.5565535117069595,43
0.8095462200369625,0.02357616721142214,0.024423831236346352,0.7501159536612237,0.8522243072180191,0.04744740446440734,0.0025965431992929877,0.39050988609463144,0.2935681502634406,0.3302663133133069,0.40124546673985817,0.473395820546781,0.48697946697904054,0.2640672061222443,0.8621287543437643,0.27831705030585174,0.5817376020817864,0.17546550350043746,0.7924529843144923,0.44353191508196055,0.18270046321526554,0.5336976714273266,0.12199400202532813,0.4093669940814021,0.8216704628767186,0.8462591134339664,0.5791835667123629,0.05259454702082508,0.33468881109051335,0.5690742593761524,0.08317746625898641,0.5094434951602635,0.6454220922257083,0.4398752868928921,0.8496025298768585,0.7176100242035837,0.5964579787634793,0.468223177150652,0.9189157672948044,0.3086314763958335,0.2611333863183938,0.13446445746419977,0.19347541909513932,0.46501694980857167,0.8903153699630861,0.8847591420082203,0.42758024538280576,0.3275509989811854,0.8012564463316596,0.12656949013664648,0.5207319946675537,0.1076337443645203,0.38344496714682685,0.9588816599489262,0.2717004902389128,0.12269979999190725,0.5346953493291859,0.8879969911674016,0.37671925267592504,17,42,84,2108,0.647461955066688,44
0.3983026340019571,0.03637720828531796,0.061668036680596054,0.6822108819676028,0.7489138722251958,0.11550051351399677,0.006164018260804685,0.5519532446927247,0.23506011894334522,0.26822786176874336,0.29681763415451634,0.5235876479356686,0.4472235878865637,0.14910482157743685,0.6937043061534661,0.4716869225783928,0.6213848997843695,0.3261119557056711,0.7063876550870882,0.39257147067045056,0.10933183841374011,0.4255531967016926,0.2406179518683274,0.3668847291819947,0.7246418277479205,0.9502677555735255,0.48948734356084944,0.12206474277638509,0.21591771276086313,0.6301834129566638,0.23210269172985432,0.3092963446154201,0.6010728903976919,0.34838827209623624,0.9452835389179981,0.6363163485371863,0.4720894573820107,0.6792962376033617,0.8315199910819381,0.3837924450213248,0.18215168966026934,0.0464877015663243,0.06343416539564271,0.26697911588819145,0.9581717586362615,0.9477018204091359,0.2829129569611278,0.4557552441392644,0.9540817589940458,0.27855194347025114,0.5635394492430051,0.16983052575414542,0.4611441497162057,0.8689139501133336,0.37182503279947177,0.03390102415063196,0.46158043277110267,0.9463424027710156,0.5270770638769838,388,465,87,1291,0.5738109772735207,45
2.8080919794511745,0.015967742758310383,0.03708043184329745,0.6165834344975399,0.8116240553146783,0.08879010565849697,0.0015804354768394976,0.28069799109957844,0.37161251165513104,0.02091357536347671,0.45944953361712776,0.6171310321492101,0.27244095993254924,0.032747536406135785,0.4690179649526181,0.37195100054259467,0.5546751354306307,0.16069078077358734,0.9401900244161034,0.4519296191190223,6.388257402120678e-05,0.3675176555816376,0.28732184241797326,0.1341661173253733,0.8939561987719725,0.8857801415214156,0.6044418573875704,0.18182467044931439,0.3317766472802688,0.6668994304583749,0.099828224045647,0.38399949584885557,0.8383527888376947,0.5742943242758638,0.984316973942076,0.5055708967535563,0.6823502406590313,0.5766766716621216,0.6930738322244996,0.482504224966134,0.03820538026591877,0.010439650988715568,0.13713449616399948,0.8981713414176664,0.9417668754373049,0.8518332838122268,0.6125501598320214,0.5300483589889535,0.7684843293532224,0.04542794508801982,0.6539338613572041,0.044516086409424234,0.5110655147381146,0.9580019041565899,0.12252853511470625,0.04569811347719606,0.44642133626478936,0.7921229830651122,0.3338749708181492,703,159,95,1960,0.5737369619052952,46
1.3729678303285227,0.012486864223033852,0.02408853410549376,0.7506982338206287,0.8847066110777055,0.20979165835132094,0.012732915539495297,0.19642509674876307,0.16691839925126323,0.5616330170291475,0.39168824565150023,0.3923794655037617,0.14418369382750623,0.19816152840523432,0.7883192315733919,0.5322971555983487,0.6930876072695886,0.007266896104931586,0.8373821750658195,0.5143436742026426,0.08333170235221862,0.3127408791605838,0.046111865796509686,0.3252134372975659,0.9600727272626165,0.9380381409611752,0.40710064050411193,0.03868962730796324,0.4630072810554322,0.5264698776881012,0.16953861452375674,0.4288949770502718,0.7167061688409695,0.26251068692512153,0.8179857199161742,0.6634326942514145,0.4092294758496118,0.7723628658070909,0.9485361041521535,0.3508242720037724,0.28310809209626847,0.10089884778743845,0.05041133679391785,0.5479161787387985,0.7120634751112132,0.9656788609393602,0.530820772018104,0.3700626643660032,0.8900416368938896,0.0007424587451393405,0.45973565232365493,0.09162306321920485,0.4266190612831024,0.8232534945835914,0.2576021392831565,0.004314933181741306,0.4220978427707292,0.7698827566154764,0.6413920919111205,649,518,99,2688,0.5136177466879721,47
1.7073612834203664,0.012549550040941904,0.01153699002602784,0.7416742973170264,0.8740471137082577,0.19872743170859775,0.012584934795306892,0.19849391961458743,0.16371430334199222,0.5557031953618214,0.5934040297981372,0.4310662500399278,0.16275688971169583,0.27966041849072987,0.6442018287782407,0.5268116707218806,0.7017603050486936,0.01331006278430566,0.6640460757991362,0.5264222145473061,0.0758880295445497,0.19163834307366281,0.0008725316907473857,0.3276308164597924,0.9558427697815001,0.9271822315159739,0.5350810570463974,0.030935251495352728,0.5635278705386688,0.47839479330549395,0.3005296186869534,0.31790172706750025,0.7230061040540585,0.2626416181448063,0.8746642642341967,0.6565299392495659,0.41723641028539926,0.8314028221120091,0.9447979505956747,0.3501507951560654,0.29646266586288395,0.19204915588109228,0.05705061927541892,0.6175958377575335,0.7190137575117951,0.9466846178122424,0.383237576537648,0.34937886763360015,0.9459867799251946,0.0022936711878348273,0.4725807283906446,0.2218631326642639,0.2687290773302798,0.799724129320462,0.2615975488014916,0.01844323697341435,0.3973445527860636,0.7775842722578923,0.643639685381,634,549,100,2860,0.5357401080010626,48
3.4615328073958156,0.012784494554944782,0.016781659652732588,0.8617278456757284,0.8959248561108155,0.15361801199870986,0.0043697234662784055,0.1244349349134825,0.180296495926391,0.6897206851902511,0.3857718933088449,0.3678824130967273,0.03285317369986319,0.36093728378211304,0.7218196090967499,0.4981495296978015,0.7319664674979618,0.06860160289975639,0.8369827660708256,0.4818621689928584,0.050573340199209484,0.31282927302597935,0.06800025870383501,0.2805951493094928,0.9618829897313877,0.9424245841488206,0.4429975922382364,0.025604702273398075,0.4608258743183964,0.5237278447751219,0.040472864325230756,0.42678477692998174,0.8005853427682709,0.3055440119291773,0.9149940568319329,0.6938058536397534,0.30020321653308535,0.7046650467782783,0.8238167226258373,0.31041565332789056,0.3657825714360499,0.14713288553510842,0.03481168032887009,0.5420506975518675,0.7779868506962003,0.8339258019671877,0.6602020019211485,0.36553009763380206,0.8433157158695734,0.36354452268060206,0.32740051543180726,0.10607127198634549,0.35318934952884895,0.7271355010700166,0.19070897722140365,0.0006996458328400513,0.3499521793052087,0.8548159113830711,0.41024861894032005,754,326,80,2679,0.50505788923938,49
3.506278950662779,0.010826669598601332,0.021060134962655703,0.8997301634435705,0.9033001079465499,0.21837267986892825,0.004266740513742695,0.25087383908048305,0.18902458542194306,0.700565393065532,0.3895825211918755,0.3901055412126341,0.0008292548885378004,0.35410110717300536,0.7261803106087721,0.5699818065743998,0.7470811638378148,0.0627747942061031,0.8597246438545283,0.4904633143994405,0.12981429683201254,0.31099223838130763,0.05310255014296293,0.26739185016958733,0.9926894859391162,0.9518122878295057,0.4259388673222416,0.03466821351633115,0.46156834193898943,0.515861891164175,0.03103395620799756,0.514407780747111,0.682511411923739,0.30948203752744824,0.8214289360873583,0.7255919169722835,0.32653146361877694,0.7351728040483089,0.8112452441228815,0.29996169720265636,0.3518897606762439,0.149736922943006,0.04292200862395901,0.5560760018479111,0.7124326513254642,0.8308327337806766,0.65233377408419,0.35339196919917526,0.7189508995989837,0.27865953537226734,0.3169623890071085,0.25297111688499263,0.4191636951947365,0.7459508151697162,0.07737585114864239,0.008031922933945439,0.25516033848105685,0.848467989660086,0.41437162161571595,749,321,80,2691,0.5847256875240303,50
1.2614911074249786,0.019775358006966372,0.01643155655379571,0.794408114977834,0.9021134278599084,0.14262459996655033,0.006917663075071818,0.13240274883904163,0.09075846966704398,0.4813353801339412,0.4396587167191568,0.46619985481159615,0.03812816881020266,0.22790550925616787,0.7848810925960649,0.48313762773440544,0.667666250039362,0.007402095717139887,0.8220035325091193,0.5818974358047516,0.060691264969343225,0.3512337162322837,0.09701896685283544,0.38769361464797925,0.939576310605982,0.9318348396027702,0.5149160808142786,0.12896304189335855,0.46752647177049045,0.5957557042772368,0.05911585446581111,0.4216728132709046,0.8342941757750026,0.38481760622215433,0.9277490153539382,0.7089293150064786,0.4118262344436818,0.7290200175552256,0.8739597824603792,0.415766263600121,0.3901021202656308,0.11213977006612277,0.005269461064655902,0.5169116955381488,0.7773333151302537,0.7066872369029491,0.587223956618999,0.4279629287085921,0.8157601223198098,0.3739849477111812,0.5456824799095606,0.1044500155596034,0.38675397982802207,0.8286983795670434,0.230760039974664,0.08653552314911123,0.36652616148444095,0.9037672273272778,0.4650346682228769,793,155,96,2377,0.5047604462949443,51
1.3399664202068344,0.019583574765688477,0.018107551105946154,0.7838527137104355,0.9330070386801507,0.15014685353920817,0.007986542889644671,0.14209756083021374,0.11445908462570212,0.493302649928815,0.4442576335205109,0.47702432878106277,0.0968712178378027,0.23507791302506542,0.7647391930594918,0.49362872700316884,0.6700917725428752,0.05239759558406802,0.8229024838033214,0.5671104029967339,0.04702803051242731,0.29164021448831057,0.11866287709162976,0.36243901848220217,0.9463665237345434,0.9340170639189356,0.5192295409752525,0.09802836919942719,0.46402693109838594,0.5520546345148385,0.07302287808772404,0.42923988281395353,0.7912776630195815,0.4109845543799986,0.9245682042718305,0.689115384775921,0.39755245555771923,0.8614991713778029,0.8723610436290687,0.4206528907923482,0.41631545346736976,0.11059374345366879,0.009278975108879248,0.5272505822510999,0.7722393222291611,0.7079405671891841,0.5161483892086286,0.4358758549348864,0.8287409778473926,0.3654384343417436,0.4139314531037268,0.10930135028033486,0.4298981613943511,0.8185665508879607,0.20303406668298385,0.09876450537056983,0.37203553990240085,0.8871313997515581,0.45618269321903887,695,161,88,2366,0.5042770822685377,52
1.3596138614368145,0.013217854336912173,0.01598935280573129,0.786006404734405,0.9403242028304472,0.18253836262870013,0.006784218934667997,0.11326663405930042,0.0527224918501073,0.5591381385487768,0.44241628490763685,0.4648691705483692,0.06106358817414478,0.22384260554127094,0.7860325153458677,0.4859432954479094,0.8080638598173722,0.003570673579357808,0.8300890792277142,0.5616397669377339,0.04500846972236673,0.2764197315869824,0.09802387068247327,0.3826283558468289,0.9200773340854025,0.9514456507964696,0.5177809945020214,0.10937313320872706,0.46672142622883495,0.5472817352443006,0.048891209446530526,0.4303998434699973,0.7887129162803324,0.38461717756893055,0.9028803637970292,0.6834790607248533,0.39582874171219545,0.8824766728344343,0.8771908864570246,0.4225330125535121,0.4051811540122502,0.1145964212963661,0.005433633304629537,0.5293827758440787,0.772922281831409,0.6973532693100757,0.44899685565918407,0.4231930368655782,0.8439764859480798,0.36968981059471745,0.4101865955326471,0.09288057015070372,0.35958836848666437,0.7400816329614496,0.22681963012978046,0.07864053180537156,0.37002889126115707,0.8719111587613332,0.4612232612927262,690,191,88,2351,0.5056139808967364,53
4.409850916778601,0.020541204994360185,0.0152123970918557,0.7883710383300854,0.922471471518943,0.15097635203436907,0.007499984404724014,0.1247348887608705,0.07541748012601047,0.4903419678205392,0.49599486344603416,0.49005211629138695,0.04674217574757965,0.23313396800835864,0.7188627354026905,0.47295596152491753,0.8360891831936637,0.05539325618247095,0.779108205360104,0.5618489377855146,0.052704040506282426,0.27943979758367277,0.09712025311991625,0.39520536621799507,0.8907936704699212,0.8267752708401733,0.5175911289411433,0.10554989467876714,0.5635897950255147,0.5994584618380043,0.05483540821192272,0.4449759889300291,0.8384095623821036,0.3849952650772081,0.9979025655438141,0.704895330825911,0.30103769867611374,0.910230770058719,0.7973092127118744,0.43512323449103,0.4140328443480987,0.2144187573566042,0.011229344464868214,0.49044825820866084,0.7715132662103465,0.6970530804399676,0.5133983164831586,0.4937449024159227,0.8366862251237599,0.37549416779366535,0.3951847475651418,0.2098898090851436,0.35605470194388095,0.7184746427403466,0.22513810859167338,0.09187601534198851,0.3525980325277828,0.8802168940912639,0.4603217520393085,783,160,89,2395,0.5296958466256939,54
2.1918488836673484,0.015488265781164346,0.011017393791016817,0.8330406935170511,0.9501960944949771,0.18287953065207327,0.00346521211636329,0.04742111313250241,0.09795144750194701,0.6643033727945111,0.44775223233501793,0.44019368194445196,0.06246261680547979,0.30040428790303947,0.7772979524656918,0.6275549206860904,0.7397917908367286,0.04784648290774621,0.8203451278605196,0.6411560554369442,0.03198081348510266,0.34465111224874573,0.14417988076610339,0.3843201778603427,0.9172154605552757,0.7909789753326713,0.47040016572295557,0.0015989334869745964,0.47650286591681906,0.559124179807963,0.031748158807890725,0.4027800807371124,0.7882027758219033,0.36246753739698134,0.903410241758136,0.8194518317149255,0.37089000523879523,0.8511900796994222,0.8605241462582179,0.5423252670648363,0.39415639714572687,0.15416767878971913,0.0018278326658072996,0.4460795717931093,0.6507311456755267,0.7133298569378639,0.45756966119734993,0.4048683386467532,0.7393536244264756,0.35890301846149353,0.29540370491326506,0.1761947017190741,0.31599704129203027,0.6681891013231362,0.20281049131952303,0.131041510150527,0.22910193477259067,0.8060147434824911,0.49572928945146505,683,231,94,2871,0.5080396277317045,55
2.140715691272963,0.017448393302344392,0.009486338430162241,0.8315775758558803,0.9616449809968374,0.1699453679050224,0.003777512662987394,0.04787433911528427,0.0937877723795706,0.6745232012507348,0.4411989056659975,0.5395947379354734,0.055994373758290084,0.30936759628077654,0.7744320924031076,0.630219112407753,0.8054679514255294,0.0390699126210116,0.8774570324731257,0.6493513468835482,0.03571447499548663,0.18681742023210696,0.13706887727857248,0.44092831557226225,0.9301589380414439,0.776271832115156,0.5275265878980123,0.004583371111151507,0.4875343855242402,0.4298217144118162,0.0003233741991953698,0.5089959387358446,0.9361864726186225,0.463423252847708,0.8946678168649307,0.8117295402138333,0.37655628213237363,0.8627761607052166,0.7633909891775008,0.5681157483857793,0.3872625620498251,0.15965829428133244,0.023782654031684176,0.5228596185610503,0.6453200926124852,0.7115715987349257,0.4625270038431743,0.3997439856454738,0.7475944726879458,0.37075059061251797,0.247884629032253,0.1831378057967775,0.33277448435724044,0.6557996761678031,0.12463328572043031,0.14446694646220104,0.19496605884246368,0.9112543666465955,0.4697894229279376,697,339,93,2000,0.5118246832171515,56
5.723239251859905,0.014351691691163059,0.010490095044648396,0.8555139583292368,0.9606074756439141,0.18963697884379563,0.0018472123434711781,0.11370822305570259,0.06062846624072872,0.6115328209897121,0.47529855951049693,0.46082622303438614,0.08459814180162994,0.22044357386551966,0.7258534126180272,0.504153941214387,0.7550019676227874,0.002070204472966089,0.822568066104609,0.6133480318162383,0.0016768221933314426,0.3314298954174372,0.14915805840869298,0.4516555907333725,0.8802084637121934,0.8704855364430506,0.6305341437218217,0.051882958260059925,0.6593808381045889,0.5529460149164713,0.08328870330195583,0.4074696143957803,0.7917147051331703,0.3712882683569484,0.8537061863631863,0.8335667059944359,0.28685965353977927,0.9802703402705958,0.864975683683375,0.5506531613861353,0.4520065266230725,0.06246799302849232,0.03680735102190983,0.44775338227074346,0.5886908911320319,0.667866271985631,0.42194984366186816,0.41424370989691106,0.660590415278036,0.414741407308906,0.48933640352560653,0.032903891577932276,0.2909054271908593,0.5836927934006146,0.18919015282941223,0.1982067538196301,0.235433806512451,0.865551324277047,0.5121758645675045,705,229,84,2431,0.5073475750231558,57
8.017423375959234,0.013151222296800515,0.0166362465675038,0.9126998465256567,0.996261495529216,0.14102179181352825,0.0019604488603662336,0.10510984551578316,0.048785657607155496,0.6258774082709754,0.5541636770932905,0.4616820628000727,0.10298191376443629,0.3574903206402176,0.6881596497252593,0.498804476211533,0.8876901484865516,0.0038785868830805703,0.9381545931440266,0.6055915712686559,0.00035522304214226363,0.27425936183303573,0.035847745102532455,0.49122015719978446,0.8595081435529961,0.8615805933985509,0.6211967546254856,0.06249308203258573,0.6832733805086815,0.4944066869893917,0.08913929157174308,0.5903047558680515,0.7912493813020053,0.5240380523787218,0.8546300619747467,0.7241606226690103,0.2966832527800809,0.9791526112490878,0.7383669030153214,0.6164301956744901,0.4564496628054592,0.04840471820697709,0.035457662220327,0.6475086621736186,0.5822221314570867,0.6717457143671773,0.42502649671457,0.2935270847125726,0.6779372588428694,0.43190497092116287,0.5082530875292064,0.04337924617080756,0.2792142961519169,0.6017802111632113,0.054860478579697086,0.16733106730420533,0.2884085027043891,0.9651105544088423,0.5184970758358702,819,116,81,2399,0.5084091039265436,58
3.392079334551934,0.026185436543944684,0.006265071431241694,0.8726268820728883,0.9091235123828252,0.19202093517925395,0.00100677271709514,0.12721501812419472,0.005076695604665976,0.7231878461466541,0.4855680095951422,0.5017104889841694,0.03074479285122609,0.22289540620215656,0.7396761983533002,0.512240889338593,0.8025442894169021,0.0860447424790474,0.8190667742176853,0.7019571029041267,0.16275207823848847,0.3424771659204939,0.07702593931527814,0.4441047510296331,0.9557207531675203,0.9713571785826163,0.7160783138666256,0.11234189344507212,0.6327856402161562,0.6036637450244304,0.08906956538959199,0.43559414861200657,0.8480817919774245,0.3894020068635258,0.7567627033157512,0.8607134878843685,0.2576128873997467,0.9238237797241325,0.8794551897283073,0.5293971967087189,0.5311204420249658,0.2211861825968573,0.11894685658509652,0.5183477435841977,0.6945927413492304,0.5963997124461402,0.39324436214246494,0.47737823699297244,0.598431391258069,0.32231217543597607,0.4897973141714375,0.023188937884540906,0.37160187306214276,0.5599704429019695,0.19662254768186757,0.10676722574728623,0.3550860487297799,0.9995011634563016,0.34933515290427586,724,255,74,2286,0.5290858457285971,59
5.4638172547606185,0.013757619621920009,0.009113245581606168,0.7862578250804948,0.9605793923644835,0.23946533332168443,0.006288540741079065,0.04081349801233776,0.13128437862315734,0.5864279577014218,0.5146858149613148,0.3776194994245534,0.010888597134515635,0.155990983032975,0.6130652824428333,0.5593813928028776,0.6553727530842894,0.08609750529734107,0.8656475561492666,0.6907978514885932,0.20840533257597277,0.21843270978751622,0.1277482669628482,0.3913321590247658,0.8073745461432268,0.8763429860474459,0.5991489884528746,0.0924926388504844,0.5961013719851906,0.5627304378475267,0.06439904759934362,0.5065228074666686,0.8810345033462392,0.44112608276968923,0.7925349609230847,0.7524182782487719,0.45151003575635756,0.9353063983108032,0.8080144119284877,0.4726495007673519,0.467362422679405,0.10948923451713305,0.04129078280526361,0.5724202936395086,0.7425255338634676,0.7706043441815826,0.5788475839517584,0.3453482756070706,0.6951700183530699,0.4079599369504435,0.4316136356515761,0.10177168074735982,0.22977419070974353,0.7950109404684252,0.10641075514165776,0.19348158002879062,0.19194900399088818,0.8674874318807592,0.4110173368252661,750,367,86,1821,0.5130019346059018,60
2.162892368105595,0.0182896361026369,0.010810708540729696,0.8144853585622193,0.9475684034284972,0.18545802735587646,0.0037366810841574843,0.05040981119527632,0.08404075961113261,0.6479145674215503,0.4769110662782058,0.43707478846316483,0.07572864798892716,0.3015723082232023,0.7835381138872181,0.5940450103906603,0.7284997060605081,0.0347077022617254,0.8159300318037183,0.625481139273236,0.04402289453092514,0.3357308929307577,0.15436193492607525,0.3927164512336988,0.8968794603757906,0.8177866523237118,0.6531692522486755,0.03128418891961583,0.4322040907989953,0.5525054112727447,0.030262326968080504,0.41240507995342823,0.7992634959827835,0.3970226863334005,0.9144153253972997,0.8262409380496722,0.3626288155555862,0.8852222028304974,0.8628509875065796,0.5582167873919469,0.37842989590531345,0.16182724900427495,0.015335779124244608,0.42992820780899776,0.6582561001765393,0.7159006859569212,0.45168627746439544,0.422777035301364,0.7474877015683986,0.3534241699284407,0.40059042181797355,0.15728421368942297,0.29578230510649245,0.6681449033521487,0.209062165319022,0.13743718095283186,0.2394224328263578,0.8011926961411047,0.48879226440011136,693,98,95,2444,0.5084707401003306,61
1.5379949501196968,0.010396090844693846,0.018625867984650706,0.8479673491939655,0.8984011456116509,0.15625454709828104,0.008722310907297434,0.00421208095525108,0.05206807251348387,0.5387735269628909,0.43254593564332794,0.4159313923395709,0.0729145516993082,0.37847657530503437,0.6782458200235649,0.4990173804898571,0.7500619684370033,0.061051876795755286,0.8253015145685438,0.565875195185704,0.04057303938415095,0.26996948191276937,0.10220901276121713,0.343917698261953,0.9280306098985787,0.9146062085193172,0.4449186682745011,0.0018063852953888182,0.4960169145212357,0.5447059161453202,0.03412401026194799,0.40384859334612566,0.7730943211627352,0.3585106002583973,0.8813966184099189,0.8214200591901607,0.41990781963066703,0.9469563649518333,0.8584996692162945,0.42100049916941584,0.33755649953218736,0.0729132490766672,0.006552140859035906,0.44124214220676977,0.6301689951939909,0.6470697139751782,0.35221396367499913,0.3708972487879076,0.8511204054447304,0.45748078565064154,0.3497148063466927,0.20313456965371865,0.32316370891468865,0.729994872608429,0.1387302689858229,0.10723356271603159,0.17059813727970863,0.8632072133113197,0.5284207419950345,771,208,90,2612,0.5170685104884204,62
2.9401342383912477,0.01455332237888134,0.012238882157953173,0.815568236920803,0.9304423562268309,0.12652663119880922,0.0030427011657907154,0.10553070464471519,0.12767411724431513,0.48633167980762554,0.4403675601392559,0.4592426702460685,0.03892605124888096,0.3320862135088854,0.7752755483324393,0.5712232271490719,0.7760954064508038,0.0051134253330319505,0.8876589690649945,0.6198228873264618,0.061509873061395555,0.3572314580228634,0.16860182624909953,0.2965202234718923,0.8404403101876022,0.7498199870591982,0.5148598056808686,0.06989625582491998,0.7304952155218113,0.5975450926898627,0.11020955849322145,0.38809143951743263,0.8256140994975397,0.3593987007317786,0.9708611701436475,0.7932366735589474,0.39700104752890064,0.9897993882539832,0.7804644823073912,0.6712177526894914,0.42430300667281345,0.21500819357445594,0.07651000677643723,0.486959774100025,0.588997226071248,0.7727281586119991,0.436782517060809,0.4278130468025968,0.7772175710366582,0.3833583271200871,0.26208762324117296,0.09190237493492928,0.363957465505776,0.6845809048833593,0.19255632417098908,0.054801478520067226,0.32131423589688624,0.8960419762812586,0.44615211695928997,571,7,84,2738,0.5241464777073528,63
1.2043212059802757,0.02901337003894337,0.007248221204099835,0.8881528008641542,0.9748536763988404,0.19291115759779268,0.00634888254238518,0.04628508640769215,0.11722458832535557,0.5731522446957088,0.46100732911525105,0.5020957284628718,0.13239539093976443,0.23161123369244663,0.7155403105424646,0.6288501293981718,0.8495991668553224,0.04001132144901237,0.9241729789092419,0.556638722096542,0.12532497507138168,0.30639087450900965,0.041116479084706725,0.43305031759409657,0.8750078183698308,0.8553113396846659,0.4589045878378749,0.1260257044494093,0.47663828117967333,0.5029278593508382,0.03683511063217881,0.4527103380398619,0.869917122489028,0.34068554084559566,0.9157161550523654,0.9349586076027403,0.38171949078267176,0.8361946824201926,0.8506502549681484,0.547481514473659,0.4979775553947887,0.041816007046655404,0.007703725280001501,0.5352844912394441,0.6809531005451839,0.6986786104938575,0.4904598973098757,0.5152068417346143,0.7160835770814433,0.30310322854332794,0.5042761889078182,0.15118030752137998,0.3116527889559181,0.6280740070992128,0.14524798914050807,0.21687384840743817,0.24946675334527066,0.8226434294438463,0.47750764223065484,844,269,88,2888,0.5239941274926098,64
4.269923127255362,0.020238850753965153,0.017752269407224144,0.9175481800746225,0.9285908414327703,0.21927788772732676,0.003526270940102328,0.13403100982857055,0.046765259241495216,0.6017965945118563,0.3665905405721955,0.5523929514865702,0.1839225300709197,0.4077038839200128,0.8622629205811463,0.5170726458074966,0.6869609767431782,0.07723135871310834,0.7842812062882276,0.6373991305662426,0.032101611351997746,0.13655161521609238,0.06456250826113782,0.4733511213534577,0.91757235064026,0.9758112515448407,0.5453775229352545,0.0620987879158862,0.4414992172805846,0.44507653669203756,0.002384205731433657,0.48523982898000084,0.7673627123499506,0.4253398804731447,0.8429578280780625,0.8658543318803607,0.3382093848590146,0.8886080634288488,0.8304207319550184,0.4915927917285481,0.4410829669534271,0.1284819119467321,0.05465005658534067,0.47331735234303957,0.519858154981641,0.5407004262859404,0.6429586669867543,0.39281865193438736,0.662803568690765,0.35298565546500593,0.5636887792670586,0.029409651357011984,0.2536290112223203,0.7067897467086046,0.20074214902671444,0.1470717645427968,0.37704527325072656,0.7383908291213057,0.3889139423727772,808,492,95,2330,0.5117189365313184,65
6.490973804484687,0.015360980385809159,0.013702469337273477,0.8519294964311781,0.8734302034519443,0.08426694354897907,0.015098778694950046,0.11393296026873372,0.1031017697181156,0.5061907801716802,0.5005851952521615,0.5251519217421944,0.11954013496788021,0.2013053552354655,0.8057498397952035,0.5583047291606358,0.7378766619948874,0.1294047165365927,0.7484263414246967,0.5881621207921914,0.13768672787003716,0.36841957233646255,0.13787295854693188,0.504899281047701,0.9690164570121554,0.7867009285406712,0.4990292394146444,0.10668534372044967,0.3839326365103607,0.39595618550581424,0.1278649773308601,0.2976230727004823,0.9048570552238869,0.47944399343767524,0.8841692206885509,0.6892688214183773,0.4725575317722662,0.9653315346369892,0.7315391774277591,0.5840251011194908,0.3819746294685282,0.08305482334546067,0.10185174465958569,0.436072600993111,0.7607948841359166,0.6681575133029121,0.5693046883319435,0.4813392660601178,0.8316784949561699,0.4800639071645227,0.4099644944629228,0.11352723090016109,0.34538614648725574,0.7761043692488488,0.08971926995444278,0.05335690859635983,0.32581538302837315,0.9103943177713142,0.49868252632569404,615,211,77,2919,0.5108509896576102,66
2.0627299130105317,0.012823186663827013,0.00976381446957835,0.8262529774438895,0.9755146273587398,0.1758155025639575,0.0021520312385630725,0.19316113046461225,0.15795622111712126,0.5489306244883294,0.32118292113201696,0.47387454643549265,0.09972782220598131,0.2927408127591405,0.7476068538101304,0.48089996524385614,0.6595364516018174,0.030049850344049445,0.8371299136472516,0.5453923423740219,0.0670613392569662,0.3174884553992305,0.002015622729056643,0.3804830449785717,0.9297193762969724,0.883217109040449,0.5820293629791669,0.03403039970368535,0.43258157596985897,0.47805795660166067,0.07559567778406177,0.34705876725498164,0.9487890369040504,0.37037854140733545,0.9641671317336671,0.8881802623243054,0.22489132019164929,0.8072912956858337,0.8820145246115797,0.4432227233451716,0.3532995597670545,0.16361911344042135,0.1412786727700482,0.5048811916395849,0.8342495425227143,0.6236254680834081,0.6880050151992042,0.32249370784433107,0.7402149953014427,0.26089760483016783,0.47174430958202607,0.05940103610384545,0.38737053291052637,0.7335818064127295,0.2690421018244953,0.19192441412443206,0.29106820698825936,0.9605282811063622,0.44307517936471774,730,608,82,2619,0.5052274220807429,67
1.429508779352316,0.011960174905179212,0.020463106058587744,0.936862553842024,0.9820793933131856,0.14243629846586822,0.0021564507988906653,0.19630019405049615,0.1526122984877918,0.5446119428048595,0.32418006794282306,0.4715226886075065,0.1035938432321312,0.44655315241324095,0.7447943169861259,0.4731473296254447,0.6561745564332276,0.09453125000208422,0.8726838805926764,0.5447089423947233,0.17329492355792314,0.2806581655103006,0.0018292187460657305,0.355817761500398,0.8366284868611051,0.8958973437511425,0.6445985800741348,0.1978302962149957,0.4407117936407697,0.4827207453461553,0.08103136179233217,0.34797485410651463,0.9267984408186476,0.4182131256044252,0.9694396075947199,0.8931337172885596,0.2061281637938316,0.8177914493177108,0.9061682791223262,0.45352418326815647,0.34916127899516103,0.04432488985799461,0.15832992079033298,0.5111762213070845,0.8327380518651378,0.6263329186664353,0.6812260429279469,0.2986028621694544,0.862030673289475,0.41533809976267827,0.4830362240494663,0.0627956200511244,0.43001134971723337,0.7377846736219161,0.33793229033726746,0.19501589736854125,0.29196400318048493,0.9668279577847659,0.3977930844714498,880,576,82,2479,0.5079273781247791,68
1.0464302317930867,0.02110437179111263,0.014664804892603073,0.8784807794194666,0.9769166270241472,0.1738563723104381,0.0012936274999934935,0.23083559266384057,0.16097625765173718,0.4641515942088787,0.30150074771768093,0.36060904044101205,0.1935981986904928,0.13221415768692624,0.6760416592358824,0.3952919195964192,0.7843684773581298,0.0017878310359241384,0.910158108047639,0.4665589505260337,0.0005824696459348355,0.25074816964794944,0.02540843419772309,0.4483424337256819,0.8786781715741315,0.9572285933353912,0.574696950495701,0.1448395858086879,0.5373908691826402,0.51245799798937,0.12069493927615493,0.2893066922316323,0.9610683376367304,0.33421188476478897,0.9965051071198022,0.7430632389493426,0.27465935259423113,0.9999620967443758,0.9672632393496897,0.3725119826536527,0.4926431254364999,0.2884237205573457,0.2029843930087836,0.5792436756127902,0.8458929730834445,0.7709059904466861,0.6424572431568738,0.3275783406786004,0.9090944139397428,0.2518983782070389,0.4325075338218979,0.0030305592923024136,0.38538603428048124,0.8256351348882021,0.2755605516096131,0.08727934074291613,0.48734445816502847,0.9691056936229324,0.44328960063435563,721,442,55,2196,0.5807071464052378,69
